date,region_id,district,cases
2021-08-01,TN-ARI,Ariyalur,0
2021-08-02,TN-ARI,Ariyalur,23
2021-08-03,TN-ARI,Ariyalur,17
2021-08-04,TN-ARI,Ariyalur,24
2021-08-05,TN-ARI,Ariyalur,19
2021-08-06,TN-ARI,Ariyalur,33
2021-08-07,TN-ARI,Ariyalur,29
2021-08-08,TN-ARI,Ariyalur,29
2021-08-09,TN-ARI,Ariyalur,27
2021-08-10,TN-ARI,Ariyalur,21
2021-08-11,TN-ARI,Ariyalur,21
2021-08-12,TN-ARI,Ariyalur,19
2021-08-13,TN-ARI,Ariyalur,16
2021-08-14,TN-ARI,Ariyalur,15
2021-08-15,TN-ARI,Ariyalur,15
2021-08-16,TN-ARI,Ariyalur,21
2021-08-17,TN-ARI,Ariyalur,15
2021-08-18,TN-ARI,Ariyalur,15
2021-08-19,TN-ARI,Ariyalur,18
2021-08-20,TN-ARI,Ariyalur,15
2021-08-21,TN-ARI,Ariyalur,17
2021-08-22,TN-ARI,Ariyalur,14
2021-08-23,TN-ARI,Ariyalur,12
2021-08-24,TN-ARI,Ariyalur,12
2021-08-25,TN-ARI,Ariyalur,17
2021-08-26,TN-ARI,Ariyalur,12
2021-08-27,TN-ARI,Ariyalur,18
2021-08-28,TN-ARI,Ariyalur,16
2021-08-29,TN-ARI,Ariyalur,17
2021-08-30,TN-ARI,Ariyalur,12
2021-08-31,TN-ARI,Ariyalur,13
2021-09-01,TN-ARI,Ariyalur,14
2021-09-02,TN-ARI,Ariyalur,14
2021-09-03,TN-ARI,Ariyalur,9
2021-09-04,TN-ARI,Ariyalur,14
2021-09-05,TN-ARI,Ariyalur,17
2021-09-06,TN-ARI,Ariyalur,17
2021-09-07,TN-ARI,Ariyalur,13
2021-09-08,TN-ARI,Ariyalur,13
2021-09-09,TN-ARI,Ariyalur,13
2021-09-10,TN-ARI,Ariyalur,15
2021-09-11,TN-ARI,Ariyalur,13
2021-09-12,TN-ARI,Ariyalur,11
2021-09-13,TN-ARI,Ariyalur,14
2021-09-14,TN-ARI,Ariyalur,12
2021-09-15,TN-ARI,Ariyalur,11
2021-09-16,TN-ARI,Ariyalur,10
2021-09-17,TN-ARI,Ariyalur,14
2021-09-18,TN-ARI,Ariyalur,14
2021-09-19,TN-ARI,Ariyalur,11
2021-09-20,TN-ARI,Ariyalur,11
2021-09-21,TN-ARI,Ariyalur,10
2021-09-22,TN-ARI,Ariyalur,12
2021-09-23,TN-ARI,Ariyalur,7
2021-09-24,TN-ARI,Ariyalur,9
2021-09-25,TN-ARI,Ariyalur,9
2021-09-26,TN-ARI,Ariyalur,8
2021-09-27,TN-ARI,Ariyalur,9
2021-09-28,TN-ARI,Ariyalur,7
2021-09-29,TN-ARI,Ariyalur,6
2021-09-30,TN-ARI,Ariyalur,5
2021-10-01,TN-ARI,Ariyalur,5
2021-10-02,TN-ARI,Ariyalur,9
2021-10-03,TN-ARI,Ariyalur,8
2021-10-04,TN-ARI,Ariyalur,6
2021-10-05,TN-ARI,Ariyalur,7
2021-10-06,TN-ARI,Ariyalur,4
2021-10-07,TN-ARI,Ariyalur,5
2021-10-08,TN-ARI,Ariyalur,4
2021-10-09,TN-ARI,Ariyalur,2
2021-10-10,TN-ARI,Ariyalur,8
2021-10-11,TN-ARI,Ariyalur,8
2021-10-12,TN-ARI,Ariyalur,3
2021-10-13,TN-ARI,Ariyalur,6
2021-10-14,TN-ARI,Ariyalur,7
2021-10-15,TN-ARI,Ariyalur,11
2021-10-16,TN-ARI,Ariyalur,9
2021-10-17,TN-ARI,Ariyalur,7
2021-10-18,TN-ARI,Ariyalur,8
2021-10-19,TN-ARI,Ariyalur,4
2021-10-20,TN-ARI,Ariyalur,4
2021-10-21,TN-ARI,Ariyalur,1
2021-10-22,TN-ARI,Ariyalur,1
2021-10-23,TN-ARI,Ariyalur,3
2021-10-24,TN-ARI,Ariyalur,1
2021-10-25,TN-ARI,Ariyalur,2
2021-10-26,TN-ARI,Ariyalur,8
2021-10-27,TN-ARI,Ariyalur,7
2021-10-28,TN-ARI,Ariyalur,7
2021-10-29,TN-ARI,Ariyalur,4
2021-10-30,TN-ARI,Ariyalur,2
2021-10-31,TN-ARI,Ariyalur,5
2021-08-01,TN-CHE,Chengalpattu,0
2021-08-02,TN-CHE,Chengalpattu,119
2021-08-03,TN-CHE,Chengalpattu,121
2021-08-04,TN-CHE,Chengalpattu,113
2021-08-05,TN-CHE,Chengalpattu,135
2021-08-06,TN-CHE,Chengalpattu,123
2021-08-07,TN-CHE,Chengalpattu,114
2021-08-08,TN-CHE,Chengalpattu,103
2021-08-09,TN-CHE,Chengalpattu,107
2021-08-10,TN-CHE,Chengalpattu,104
2021-08-11,TN-CHE,Chengalpattu,139
2021-08-12,TN-CHE,Chengalpattu,109
2021-08-13,TN-CHE,Chengalpattu,108
2021-08-14,TN-CHE,Chengalpattu,117
2021-08-15,TN-CHE,Chengalpattu,119
2021-08-16,TN-CHE,Chengalpattu,107
2021-08-17,TN-CHE,Chengalpattu,111
2021-08-18,TN-CHE,Chengalpattu,114
2021-08-19,TN-CHE,Chengalpattu,110
2021-08-20,TN-CHE,Chengalpattu,104
2021-08-21,TN-CHE,Chengalpattu,100
2021-08-22,TN-CHE,Chengalpattu,96
2021-08-23,TN-CHE,Chengalpattu,95
2021-08-24,TN-CHE,Chengalpattu,84
2021-08-25,TN-CHE,Chengalpattu,92
2021-08-26,TN-CHE,Chengalpattu,114
2021-08-27,TN-CHE,Chengalpattu,122
2021-08-28,TN-CHE,Chengalpattu,119
2021-08-29,TN-CHE,Chengalpattu,108
2021-08-30,TN-CHE,Chengalpattu,92
2021-08-31,TN-CHE,Chengalpattu,92
2021-09-01,TN-CHE,Chengalpattu,102
2021-09-02,TN-CHE,Chengalpattu,103
2021-09-03,TN-CHE,Chengalpattu,86
2021-09-04,TN-CHE,Chengalpattu,99
2021-09-05,TN-CHE,Chengalpattu,127
2021-09-06,TN-CHE,Chengalpattu,113
2021-09-07,TN-CHE,Chengalpattu,112
2021-09-08,TN-CHE,Chengalpattu,113
2021-09-09,TN-CHE,Chengalpattu,112
2021-09-10,TN-CHE,Chengalpattu,128
2021-09-11,TN-CHE,Chengalpattu,120
2021-09-12,TN-CHE,Chengalpattu,109
2021-09-13,TN-CHE,Chengalpattu,107
2021-09-14,TN-CHE,Chengalpattu,116
2021-09-15,TN-CHE,Chengalpattu,121
2021-09-16,TN-CHE,Chengalpattu,137
2021-09-17,TN-CHE,Chengalpattu,117
2021-09-18,TN-CHE,Chengalpattu,97
2021-09-19,TN-CHE,Chengalpattu,117
2021-09-20,TN-CHE,Chengalpattu,113
2021-09-21,TN-CHE,Chengalpattu,111
2021-09-22,TN-CHE,Chengalpattu,111
2021-09-23,TN-CHE,Chengalpattu,99
2021-09-24,TN-CHE,Chengalpattu,121
2021-09-25,TN-CHE,Chengalpattu,121
2021-09-26,TN-CHE,Chengalpattu,118
2021-09-27,TN-CHE,Chengalpattu,113
2021-09-28,TN-CHE,Chengalpattu,114
2021-09-29,TN-CHE,Chengalpattu,113
2021-09-30,TN-CHE,Chengalpattu,111
2021-10-01,TN-CHE,Chengalpattu,103
2021-10-02,TN-CHE,Chengalpattu,107
2021-10-03,TN-CHE,Chengalpattu,103
2021-10-04,TN-CHE,Chengalpattu,107
2021-10-05,TN-CHE,Chengalpattu,113
2021-10-06,TN-CHE,Chengalpattu,111
2021-10-07,TN-CHE,Chengalpattu,104
2021-10-08,TN-CHE,Chengalpattu,103
2021-10-09,TN-CHE,Chengalpattu,104
2021-10-10,TN-CHE,Chengalpattu,98
2021-10-11,TN-CHE,Chengalpattu,94
2021-10-12,TN-CHE,Chengalpattu,104
2021-10-13,TN-CHE,Chengalpattu,101
2021-10-14,TN-CHE,Chengalpattu,95
2021-10-15,TN-CHE,Chengalpattu,87
2021-10-16,TN-CHE,Chengalpattu,89
2021-10-17,TN-CHE,Chengalpattu,88
2021-10-18,TN-CHE,Chengalpattu,87
2021-10-19,TN-CHE,Chengalpattu,98
2021-10-20,TN-CHE,Chengalpattu,77
2021-10-21,TN-CHE,Chengalpattu,116
2021-10-22,TN-CHE,Chengalpattu,93
2021-10-23,TN-CHE,Chengalpattu,101
2021-10-24,TN-CHE,Chengalpattu,99
2021-10-25,TN-CHE,Chengalpattu,93
2021-10-26,TN-CHE,Chengalpattu,97
2021-10-27,TN-CHE,Chengalpattu,87
2021-10-28,TN-CHE,Chengalpattu,87
2021-10-29,TN-CHE,Chengalpattu,94
2021-10-30,TN-CHE,Chengalpattu,86
2021-10-31,TN-CHE,Chengalpattu,83
2021-08-01,TN-CHE,Chennai,0
2021-08-02,TN-CHE,Chennai,195
2021-08-03,TN-CHE,Chennai,206
2021-08-04,TN-CHE,Chennai,181
2021-08-05,TN-CHE,Chennai,197
2021-08-06,TN-CHE,Chennai,186
2021-08-07,TN-CHE,Chennai,196
2021-08-08,TN-CHE,Chennai,180
2021-08-09,TN-CHE,Chennai,189
2021-08-10,TN-CHE,Chennai,207
2021-08-11,TN-CHE,Chennai,237
2021-08-12,TN-CHE,Chennai,223
2021-08-13,TN-CHE,Chennai,216
2021-08-14,TN-CHE,Chennai,232
2021-08-15,TN-CHE,Chennai,223
2021-08-16,TN-CHE,Chennai,208
2021-08-17,TN-CHE,Chennai,214
2021-08-18,TN-CHE,Chennai,193
2021-08-19,TN-CHE,Chennai,201
2021-08-20,TN-CHE,Chennai,188
2021-08-21,TN-CHE,Chennai,180
2021-08-22,TN-CHE,Chennai,177
2021-08-23,TN-CHE,Chennai,174
2021-08-24,TN-CHE,Chennai,173
2021-08-25,TN-CHE,Chennai,163
2021-08-26,TN-CHE,Chennai,184
2021-08-27,TN-CHE,Chennai,159
2021-08-28,TN-CHE,Chennai,191
2021-08-29,TN-CHE,Chennai,187
2021-08-30,TN-CHE,Chennai,182
2021-08-31,TN-CHE,Chennai,185
2021-09-01,TN-CHE,Chennai,170
2021-09-02,TN-CHE,Chennai,166
2021-09-03,TN-CHE,Chennai,159
2021-09-04,TN-CHE,Chennai,167
2021-09-05,TN-CHE,Chennai,168
2021-09-06,TN-CHE,Chennai,175
2021-09-07,TN-CHE,Chennai,194
2021-09-08,TN-CHE,Chennai,174
2021-09-09,TN-CHE,Chennai,182
2021-09-10,TN-CHE,Chennai,174
2021-09-11,TN-CHE,Chennai,170
2021-09-12,TN-CHE,Chennai,201
2021-09-13,TN-CHE,Chennai,181
2021-09-14,TN-CHE,Chennai,212
2021-09-15,TN-CHE,Chennai,234
2021-09-16,TN-CHE,Chennai,196
2021-09-17,TN-CHE,Chennai,192
2021-09-18,TN-CHE,Chennai,210
2021-09-19,TN-CHE,Chennai,227
2021-09-20,TN-CHE,Chennai,196
2021-09-21,TN-CHE,Chennai,196
2021-09-22,TN-CHE,Chennai,192
2021-09-23,TN-CHE,Chennai,225
2021-09-24,TN-CHE,Chennai,211
2021-09-25,TN-CHE,Chennai,173
2021-09-26,TN-CHE,Chennai,190
2021-09-27,TN-CHE,Chennai,182
2021-09-28,TN-CHE,Chennai,190
2021-09-29,TN-CHE,Chennai,187
2021-09-30,TN-CHE,Chennai,180
2021-10-01,TN-CHE,Chennai,193
2021-10-02,TN-CHE,Chennai,194
2021-10-03,TN-CHE,Chennai,184
2021-10-04,TN-CHE,Chennai,184
2021-10-05,TN-CHE,Chennai,177
2021-10-06,TN-CHE,Chennai,177
2021-10-07,TN-CHE,Chennai,174
2021-10-08,TN-CHE,Chennai,165
2021-10-09,TN-CHE,Chennai,165
2021-10-10,TN-CHE,Chennai,171
2021-10-11,TN-CHE,Chennai,177
2021-10-12,TN-CHE,Chennai,163
2021-10-13,TN-CHE,Chennai,170
2021-10-14,TN-CHE,Chennai,163
2021-10-15,TN-CHE,Chennai,175
2021-10-16,TN-CHE,Chennai,158
2021-10-17,TN-CHE,Chennai,156
2021-10-18,TN-CHE,Chennai,147
2021-10-19,TN-CHE,Chennai,159
2021-10-20,TN-CHE,Chennai,142
2021-10-21,TN-CHE,Chennai,150
2021-10-22,TN-CHE,Chennai,138
2021-10-23,TN-CHE,Chennai,142
2021-10-24,TN-CHE,Chennai,141
2021-10-25,TN-CHE,Chennai,146
2021-10-26,TN-CHE,Chennai,120
2021-10-27,TN-CHE,Chennai,130
2021-10-28,TN-CHE,Chennai,135
2021-10-29,TN-CHE,Chennai,116
2021-10-30,TN-CHE,Chennai,115
2021-10-31,TN-CHE,Chennai,118
2021-08-01,TN-COI,Coimbatore,0
2021-08-02,TN-COI,Coimbatore,221
2021-08-03,TN-COI,Coimbatore,208
2021-08-04,TN-COI,Coimbatore,229
2021-08-05,TN-COI,Coimbatore,222
2021-08-06,TN-COI,Coimbatore,240
2021-08-07,TN-COI,Coimbatore,225
2021-08-08,TN-COI,Coimbatore,242
2021-08-09,TN-COI,Coimbatore,235
2021-08-10,TN-COI,Coimbatore,228
2021-08-11,TN-COI,Coimbatore,230
2021-08-12,TN-COI,Coimbatore,251
2021-08-13,TN-COI,Coimbatore,237
2021-08-14,TN-COI,Coimbatore,224
2021-08-15,TN-COI,Coimbatore,228
2021-08-16,TN-COI,Coimbatore,219
2021-08-17,TN-COI,Coimbatore,206
2021-08-18,TN-COI,Coimbatore,214
2021-08-19,TN-COI,Coimbatore,199
2021-08-20,TN-COI,Coimbatore,199
2021-08-21,TN-COI,Coimbatore,206
2021-08-22,TN-COI,Coimbatore,198
2021-08-23,TN-COI,Coimbatore,200
2021-08-24,TN-COI,Coimbatore,193
2021-08-25,TN-COI,Coimbatore,183
2021-08-26,TN-COI,Coimbatore,221
2021-08-27,TN-COI,Coimbatore,232
2021-08-28,TN-COI,Coimbatore,231
2021-08-29,TN-COI,Coimbatore,209
2021-08-30,TN-COI,Coimbatore,190
2021-08-31,TN-COI,Coimbatore,174
2021-09-01,TN-COI,Coimbatore,189
2021-09-02,TN-COI,Coimbatore,215
2021-09-03,TN-COI,Coimbatore,240
2021-09-04,TN-COI,Coimbatore,244
2021-09-05,TN-COI,Coimbatore,238
2021-09-06,TN-COI,Coimbatore,207
2021-09-07,TN-COI,Coimbatore,219
2021-09-08,TN-COI,Coimbatore,234
2021-09-09,TN-COI,Coimbatore,224
2021-09-10,TN-COI,Coimbatore,238
2021-09-11,TN-COI,Coimbatore,225
2021-09-12,TN-COI,Coimbatore,216
2021-09-13,TN-COI,Coimbatore,210
2021-09-14,TN-COI,Coimbatore,201
2021-09-15,TN-COI,Coimbatore,229
2021-09-16,TN-COI,Coimbatore,207
2021-09-17,TN-COI,Coimbatore,207
2021-09-18,TN-COI,Coimbatore,203
2021-09-19,TN-COI,Coimbatore,218
2021-09-20,TN-COI,Coimbatore,219
2021-09-21,TN-COI,Coimbatore,219
2021-09-22,TN-COI,Coimbatore,236
2021-09-23,TN-COI,Coimbatore,228
2021-09-24,TN-COI,Coimbatore,212
2021-09-25,TN-COI,Coimbatore,203
2021-09-26,TN-COI,Coimbatore,196
2021-09-27,TN-COI,Coimbatore,191
2021-09-28,TN-COI,Coimbatore,186
2021-09-29,TN-COI,Coimbatore,181
2021-09-30,TN-COI,Coimbatore,180
2021-10-01,TN-COI,Coimbatore,172
2021-10-02,TN-COI,Coimbatore,166
2021-10-03,TN-COI,Coimbatore,158
2021-10-04,TN-COI,Coimbatore,155
2021-10-05,TN-COI,Coimbatore,151
2021-10-06,TN-COI,Coimbatore,149
2021-10-07,TN-COI,Coimbatore,146
2021-10-08,TN-COI,Coimbatore,143
2021-10-09,TN-COI,Coimbatore,139
2021-10-10,TN-COI,Coimbatore,132
2021-10-11,TN-COI,Coimbatore,129
2021-10-12,TN-COI,Coimbatore,139
2021-10-13,TN-COI,Coimbatore,145
2021-10-14,TN-COI,Coimbatore,143
2021-10-15,TN-COI,Coimbatore,140
2021-10-16,TN-COI,Coimbatore,137
2021-10-17,TN-COI,Coimbatore,132
2021-10-18,TN-COI,Coimbatore,131
2021-10-19,TN-COI,Coimbatore,127
2021-10-20,TN-COI,Coimbatore,143
2021-10-21,TN-COI,Coimbatore,138
2021-10-22,TN-COI,Coimbatore,140
2021-10-23,TN-COI,Coimbatore,135
2021-10-24,TN-COI,Coimbatore,129
2021-10-25,TN-COI,Coimbatore,132
2021-10-26,TN-COI,Coimbatore,129
2021-10-27,TN-COI,Coimbatore,126
2021-10-28,TN-COI,Coimbatore,125
2021-10-29,TN-COI,Coimbatore,121
2021-10-30,TN-COI,Coimbatore,116
2021-10-31,TN-COI,Coimbatore,120
2021-08-01,TN-CUD,Cuddalore,0
2021-08-02,TN-CUD,Cuddalore,59
2021-08-03,TN-CUD,Cuddalore,79
2021-08-04,TN-CUD,Cuddalore,62
2021-08-05,TN-CUD,Cuddalore,73
2021-08-06,TN-CUD,Cuddalore,58
2021-08-07,TN-CUD,Cuddalore,76
2021-08-08,TN-CUD,Cuddalore,66
2021-08-09,TN-CUD,Cuddalore,86
2021-08-10,TN-CUD,Cuddalore,71
2021-08-11,TN-CUD,Cuddalore,76
2021-08-12,TN-CUD,Cuddalore,73
2021-08-13,TN-CUD,Cuddalore,71
2021-08-14,TN-CUD,Cuddalore,70
2021-08-15,TN-CUD,Cuddalore,61
2021-08-16,TN-CUD,Cuddalore,59
2021-08-17,TN-CUD,Cuddalore,60
2021-08-18,TN-CUD,Cuddalore,55
2021-08-19,TN-CUD,Cuddalore,50
2021-08-20,TN-CUD,Cuddalore,58
2021-08-21,TN-CUD,Cuddalore,56
2021-08-22,TN-CUD,Cuddalore,54
2021-08-23,TN-CUD,Cuddalore,52
2021-08-24,TN-CUD,Cuddalore,69
2021-08-25,TN-CUD,Cuddalore,54
2021-08-26,TN-CUD,Cuddalore,40
2021-08-27,TN-CUD,Cuddalore,40
2021-08-28,TN-CUD,Cuddalore,37
2021-08-29,TN-CUD,Cuddalore,38
2021-08-30,TN-CUD,Cuddalore,34
2021-08-31,TN-CUD,Cuddalore,39
2021-09-01,TN-CUD,Cuddalore,40
2021-09-02,TN-CUD,Cuddalore,43
2021-09-03,TN-CUD,Cuddalore,56
2021-09-04,TN-CUD,Cuddalore,54
2021-09-05,TN-CUD,Cuddalore,37
2021-09-06,TN-CUD,Cuddalore,41
2021-09-07,TN-CUD,Cuddalore,35
2021-09-08,TN-CUD,Cuddalore,39
2021-09-09,TN-CUD,Cuddalore,40
2021-09-10,TN-CUD,Cuddalore,26
2021-09-11,TN-CUD,Cuddalore,30
2021-09-12,TN-CUD,Cuddalore,24
2021-09-13,TN-CUD,Cuddalore,37
2021-09-14,TN-CUD,Cuddalore,35
2021-09-15,TN-CUD,Cuddalore,36
2021-09-16,TN-CUD,Cuddalore,37
2021-09-17,TN-CUD,Cuddalore,33
2021-09-18,TN-CUD,Cuddalore,35
2021-09-19,TN-CUD,Cuddalore,42
2021-09-20,TN-CUD,Cuddalore,29
2021-09-21,TN-CUD,Cuddalore,30
2021-09-22,TN-CUD,Cuddalore,37
2021-09-23,TN-CUD,Cuddalore,37
2021-09-24,TN-CUD,Cuddalore,33
2021-09-25,TN-CUD,Cuddalore,46
2021-09-26,TN-CUD,Cuddalore,42
2021-09-27,TN-CUD,Cuddalore,38
2021-09-28,TN-CUD,Cuddalore,34
2021-09-29,TN-CUD,Cuddalore,31
2021-09-30,TN-CUD,Cuddalore,34
2021-10-01,TN-CUD,Cuddalore,36
2021-10-02,TN-CUD,Cuddalore,30
2021-10-03,TN-CUD,Cuddalore,32
2021-10-04,TN-CUD,Cuddalore,31
2021-10-05,TN-CUD,Cuddalore,26
2021-10-06,TN-CUD,Cuddalore,26
2021-10-07,TN-CUD,Cuddalore,23
2021-10-08,TN-CUD,Cuddalore,21
2021-10-09,TN-CUD,Cuddalore,21
2021-10-10,TN-CUD,Cuddalore,25
2021-10-11,TN-CUD,Cuddalore,22
2021-10-12,TN-CUD,Cuddalore,23
2021-10-13,TN-CUD,Cuddalore,15
2021-10-14,TN-CUD,Cuddalore,20
2021-10-15,TN-CUD,Cuddalore,18
2021-10-16,TN-CUD,Cuddalore,23
2021-10-17,TN-CUD,Cuddalore,20
2021-10-18,TN-CUD,Cuddalore,19
2021-10-19,TN-CUD,Cuddalore,23
2021-10-20,TN-CUD,Cuddalore,22
2021-10-21,TN-CUD,Cuddalore,21
2021-10-22,TN-CUD,Cuddalore,17
2021-10-23,TN-CUD,Cuddalore,20
2021-10-24,TN-CUD,Cuddalore,21
2021-10-25,TN-CUD,Cuddalore,20
2021-10-26,TN-CUD,Cuddalore,19
2021-10-27,TN-CUD,Cuddalore,17
2021-10-28,TN-CUD,Cuddalore,20
2021-10-29,TN-CUD,Cuddalore,19
2021-10-30,TN-CUD,Cuddalore,18
2021-10-31,TN-CUD,Cuddalore,16
2021-08-01,TN-DHA,Dharmapuri,0
2021-08-02,TN-DHA,Dharmapuri,28
2021-08-03,TN-DHA,Dharmapuri,23
2021-08-04,TN-DHA,Dharmapuri,26
2021-08-05,TN-DHA,Dharmapuri,28
2021-08-06,TN-DHA,Dharmapuri,34
2021-08-07,TN-DHA,Dharmapuri,24
2021-08-08,TN-DHA,Dharmapuri,32
2021-08-09,TN-DHA,Dharmapuri,31
2021-08-10,TN-DHA,Dharmapuri,27
2021-08-11,TN-DHA,Dharmapuri,25
2021-08-12,TN-DHA,Dharmapuri,31
2021-08-13,TN-DHA,Dharmapuri,23
2021-08-14,TN-DHA,Dharmapuri,17
2021-08-15,TN-DHA,Dharmapuri,18
2021-08-16,TN-DHA,Dharmapuri,17
2021-08-17,TN-DHA,Dharmapuri,19
2021-08-18,TN-DHA,Dharmapuri,23
2021-08-19,TN-DHA,Dharmapuri,26
2021-08-20,TN-DHA,Dharmapuri,23
2021-08-21,TN-DHA,Dharmapuri,21
2021-08-22,TN-DHA,Dharmapuri,23
2021-08-23,TN-DHA,Dharmapuri,22
2021-08-24,TN-DHA,Dharmapuri,20
2021-08-25,TN-DHA,Dharmapuri,16
2021-08-26,TN-DHA,Dharmapuri,17
2021-08-27,TN-DHA,Dharmapuri,24
2021-08-28,TN-DHA,Dharmapuri,24
2021-08-29,TN-DHA,Dharmapuri,24
2021-08-30,TN-DHA,Dharmapuri,25
2021-08-31,TN-DHA,Dharmapuri,20
2021-09-01,TN-DHA,Dharmapuri,26
2021-09-02,TN-DHA,Dharmapuri,27
2021-09-03,TN-DHA,Dharmapuri,22
2021-09-04,TN-DHA,Dharmapuri,21
2021-09-05,TN-DHA,Dharmapuri,20
2021-09-06,TN-DHA,Dharmapuri,18
2021-09-07,TN-DHA,Dharmapuri,21
2021-09-08,TN-DHA,Dharmapuri,19
2021-09-09,TN-DHA,Dharmapuri,19
2021-09-10,TN-DHA,Dharmapuri,17
2021-09-11,TN-DHA,Dharmapuri,16
2021-09-12,TN-DHA,Dharmapuri,18
2021-09-13,TN-DHA,Dharmapuri,20
2021-09-14,TN-DHA,Dharmapuri,21
2021-09-15,TN-DHA,Dharmapuri,34
2021-09-16,TN-DHA,Dharmapuri,32
2021-09-17,TN-DHA,Dharmapuri,35
2021-09-18,TN-DHA,Dharmapuri,29
2021-09-19,TN-DHA,Dharmapuri,21
2021-09-20,TN-DHA,Dharmapuri,28
2021-09-21,TN-DHA,Dharmapuri,28
2021-09-22,TN-DHA,Dharmapuri,38
2021-09-23,TN-DHA,Dharmapuri,29
2021-09-24,TN-DHA,Dharmapuri,39
2021-09-25,TN-DHA,Dharmapuri,37
2021-09-26,TN-DHA,Dharmapuri,36
2021-09-27,TN-DHA,Dharmapuri,40
2021-09-28,TN-DHA,Dharmapuri,38
2021-09-29,TN-DHA,Dharmapuri,35
2021-09-30,TN-DHA,Dharmapuri,46
2021-10-01,TN-DHA,Dharmapuri,44
2021-10-02,TN-DHA,Dharmapuri,34
2021-10-03,TN-DHA,Dharmapuri,33
2021-10-04,TN-DHA,Dharmapuri,31
2021-10-05,TN-DHA,Dharmapuri,31
2021-10-06,TN-DHA,Dharmapuri,33
2021-10-07,TN-DHA,Dharmapuri,29
2021-10-08,TN-DHA,Dharmapuri,26
2021-10-09,TN-DHA,Dharmapuri,25
2021-10-10,TN-DHA,Dharmapuri,26
2021-10-11,TN-DHA,Dharmapuri,29
2021-10-12,TN-DHA,Dharmapuri,21
2021-10-13,TN-DHA,Dharmapuri,27
2021-10-14,TN-DHA,Dharmapuri,25
2021-10-15,TN-DHA,Dharmapuri,28
2021-10-16,TN-DHA,Dharmapuri,24
2021-10-17,TN-DHA,Dharmapuri,23
2021-10-18,TN-DHA,Dharmapuri,28
2021-10-19,TN-DHA,Dharmapuri,24
2021-10-20,TN-DHA,Dharmapuri,21
2021-10-21,TN-DHA,Dharmapuri,20
2021-10-22,TN-DHA,Dharmapuri,20
2021-10-23,TN-DHA,Dharmapuri,18
2021-10-24,TN-DHA,Dharmapuri,17
2021-10-25,TN-DHA,Dharmapuri,19
2021-10-26,TN-DHA,Dharmapuri,18
2021-10-27,TN-DHA,Dharmapuri,17
2021-10-28,TN-DHA,Dharmapuri,16
2021-10-29,TN-DHA,Dharmapuri,13
2021-10-30,TN-DHA,Dharmapuri,11
2021-10-31,TN-DHA,Dharmapuri,16
2021-08-01,TN-DIN,Dindigul,0
2021-08-02,TN-DIN,Dindigul,16
2021-08-03,TN-DIN,Dindigul,13
2021-08-04,TN-DIN,Dindigul,16
2021-08-05,TN-DIN,Dindigul,10
2021-08-06,TN-DIN,Dindigul,9
2021-08-07,TN-DIN,Dindigul,7
2021-08-08,TN-DIN,Dindigul,15
2021-08-09,TN-DIN,Dindigul,13
2021-08-10,TN-DIN,Dindigul,4
2021-08-11,TN-DIN,Dindigul,13
2021-08-12,TN-DIN,Dindigul,10
2021-08-13,TN-DIN,Dindigul,9
2021-08-14,TN-DIN,Dindigul,9
2021-08-15,TN-DIN,Dindigul,8
2021-08-16,TN-DIN,Dindigul,5
2021-08-17,TN-DIN,Dindigul,9
2021-08-18,TN-DIN,Dindigul,13
2021-08-19,TN-DIN,Dindigul,11
2021-08-20,TN-DIN,Dindigul,9
2021-08-21,TN-DIN,Dindigul,8
2021-08-22,TN-DIN,Dindigul,7
2021-08-23,TN-DIN,Dindigul,8
2021-08-24,TN-DIN,Dindigul,12
2021-08-25,TN-DIN,Dindigul,12
2021-08-26,TN-DIN,Dindigul,6
2021-08-27,TN-DIN,Dindigul,5
2021-08-28,TN-DIN,Dindigul,3
2021-08-29,TN-DIN,Dindigul,4
2021-08-30,TN-DIN,Dindigul,6
2021-08-31,TN-DIN,Dindigul,3
2021-09-01,TN-DIN,Dindigul,8
2021-09-02,TN-DIN,Dindigul,11
2021-09-03,TN-DIN,Dindigul,7
2021-09-04,TN-DIN,Dindigul,12
2021-09-05,TN-DIN,Dindigul,7
2021-09-06,TN-DIN,Dindigul,10
2021-09-07,TN-DIN,Dindigul,7
2021-09-08,TN-DIN,Dindigul,9
2021-09-09,TN-DIN,Dindigul,11
2021-09-10,TN-DIN,Dindigul,11
2021-09-11,TN-DIN,Dindigul,22
2021-09-12,TN-DIN,Dindigul,9
2021-09-13,TN-DIN,Dindigul,11
2021-09-14,TN-DIN,Dindigul,13
2021-09-15,TN-DIN,Dindigul,11
2021-09-16,TN-DIN,Dindigul,11
2021-09-17,TN-DIN,Dindigul,14
2021-09-18,TN-DIN,Dindigul,10
2021-09-19,TN-DIN,Dindigul,12
2021-09-20,TN-DIN,Dindigul,8
2021-09-21,TN-DIN,Dindigul,9
2021-09-22,TN-DIN,Dindigul,7
2021-09-23,TN-DIN,Dindigul,10
2021-09-24,TN-DIN,Dindigul,8
2021-09-25,TN-DIN,Dindigul,13
2021-09-26,TN-DIN,Dindigul,10
2021-09-27,TN-DIN,Dindigul,12
2021-09-28,TN-DIN,Dindigul,10
2021-09-29,TN-DIN,Dindigul,16
2021-09-30,TN-DIN,Dindigul,14
2021-10-01,TN-DIN,Dindigul,17
2021-10-02,TN-DIN,Dindigul,9
2021-10-03,TN-DIN,Dindigul,10
2021-10-04,TN-DIN,Dindigul,11
2021-10-05,TN-DIN,Dindigul,11
2021-10-06,TN-DIN,Dindigul,13
2021-10-07,TN-DIN,Dindigul,9
2021-10-08,TN-DIN,Dindigul,10
2021-10-09,TN-DIN,Dindigul,11
2021-10-10,TN-DIN,Dindigul,13
2021-10-11,TN-DIN,Dindigul,13
2021-10-12,TN-DIN,Dindigul,9
2021-10-13,TN-DIN,Dindigul,7
2021-10-14,TN-DIN,Dindigul,8
2021-10-15,TN-DIN,Dindigul,7
2021-10-16,TN-DIN,Dindigul,12
2021-10-17,TN-DIN,Dindigul,8
2021-10-18,TN-DIN,Dindigul,8
2021-10-19,TN-DIN,Dindigul,13
2021-10-20,TN-DIN,Dindigul,8
2021-10-21,TN-DIN,Dindigul,5
2021-10-22,TN-DIN,Dindigul,5
2021-10-23,TN-DIN,Dindigul,11
2021-10-24,TN-DIN,Dindigul,11
2021-10-25,TN-DIN,Dindigul,8
2021-10-26,TN-DIN,Dindigul,11
2021-10-27,TN-DIN,Dindigul,10
2021-10-28,TN-DIN,Dindigul,5
2021-10-29,TN-DIN,Dindigul,8
2021-10-30,TN-DIN,Dindigul,7
2021-10-31,TN-DIN,Dindigul,9
2021-08-01,TN-ERO,Erode,0
2021-08-02,TN-ERO,Erode,169
2021-08-03,TN-ERO,Erode,175
2021-08-04,TN-ERO,Erode,147
2021-08-05,TN-ERO,Erode,157
2021-08-06,TN-ERO,Erode,178
2021-08-07,TN-ERO,Erode,180
2021-08-08,TN-ERO,Erode,187
2021-08-09,TN-ERO,Erode,179
2021-08-10,TN-ERO,Erode,154
2021-08-11,TN-ERO,Erode,160
2021-08-12,TN-ERO,Erode,167
2021-08-13,TN-ERO,Erode,174
2021-08-14,TN-ERO,Erode,187
2021-08-15,TN-ERO,Erode,171
2021-08-16,TN-ERO,Erode,159
2021-08-17,TN-ERO,Erode,175
2021-08-18,TN-ERO,Erode,134
2021-08-19,TN-ERO,Erode,142
2021-08-20,TN-ERO,Erode,148
2021-08-21,TN-ERO,Erode,142
2021-08-22,TN-ERO,Erode,146
2021-08-23,TN-ERO,Erode,134
2021-08-24,TN-ERO,Erode,134
2021-08-25,TN-ERO,Erode,135
2021-08-26,TN-ERO,Erode,90
2021-08-27,TN-ERO,Erode,118
2021-08-28,TN-ERO,Erode,109
2021-08-29,TN-ERO,Erode,129
2021-08-30,TN-ERO,Erode,127
2021-08-31,TN-ERO,Erode,136
2021-09-01,TN-ERO,Erode,129
2021-09-02,TN-ERO,Erode,132
2021-09-03,TN-ERO,Erode,110
2021-09-04,TN-ERO,Erode,109
2021-09-05,TN-ERO,Erode,99
2021-09-06,TN-ERO,Erode,90
2021-09-07,TN-ERO,Erode,112
2021-09-08,TN-ERO,Erode,115
2021-09-09,TN-ERO,Erode,129
2021-09-10,TN-ERO,Erode,113
2021-09-11,TN-ERO,Erode,143
2021-09-12,TN-ERO,Erode,145
2021-09-13,TN-ERO,Erode,112
2021-09-14,TN-ERO,Erode,128
2021-09-15,TN-ERO,Erode,132
2021-09-16,TN-ERO,Erode,118
2021-09-17,TN-ERO,Erode,118
2021-09-18,TN-ERO,Erode,131
2021-09-19,TN-ERO,Erode,125
2021-09-20,TN-ERO,Erode,105
2021-09-21,TN-ERO,Erode,109
2021-09-22,TN-ERO,Erode,126
2021-09-23,TN-ERO,Erode,104
2021-09-24,TN-ERO,Erode,98
2021-09-25,TN-ERO,Erode,112
2021-09-26,TN-ERO,Erode,118
2021-09-27,TN-ERO,Erode,108
2021-09-28,TN-ERO,Erode,106
2021-09-29,TN-ERO,Erode,108
2021-09-30,TN-ERO,Erode,106
2021-10-01,TN-ERO,Erode,101
2021-10-02,TN-ERO,Erode,94
2021-10-03,TN-ERO,Erode,87
2021-10-04,TN-ERO,Erode,79
2021-10-05,TN-ERO,Erode,90
2021-10-06,TN-ERO,Erode,73
2021-10-07,TN-ERO,Erode,81
2021-10-08,TN-ERO,Erode,81
2021-10-09,TN-ERO,Erode,74
2021-10-10,TN-ERO,Erode,71
2021-10-11,TN-ERO,Erode,66
2021-10-12,TN-ERO,Erode,75
2021-10-13,TN-ERO,Erode,80
2021-10-14,TN-ERO,Erode,79
2021-10-15,TN-ERO,Erode,78
2021-10-16,TN-ERO,Erode,81
2021-10-17,TN-ERO,Erode,90
2021-10-18,TN-ERO,Erode,78
2021-10-19,TN-ERO,Erode,76
2021-10-20,TN-ERO,Erode,89
2021-10-21,TN-ERO,Erode,88
2021-10-22,TN-ERO,Erode,79
2021-10-23,TN-ERO,Erode,66
2021-10-24,TN-ERO,Erode,64
2021-10-25,TN-ERO,Erode,67
2021-10-26,TN-ERO,Erode,60
2021-10-27,TN-ERO,Erode,64
2021-10-28,TN-ERO,Erode,77
2021-10-29,TN-ERO,Erode,70
2021-10-30,TN-ERO,Erode,71
2021-10-31,TN-ERO,Erode,68
2021-08-01,TN-KAL,Kallakurichi,0
2021-08-02,TN-KAL,Kallakurichi,43
2021-08-03,TN-KAL,Kallakurichi,39
2021-08-04,TN-KAL,Kallakurichi,46
2021-08-05,TN-KAL,Kallakurichi,42
2021-08-06,TN-KAL,Kallakurichi,50
2021-08-07,TN-KAL,Kallakurichi,35
2021-08-08,TN-KAL,Kallakurichi,32
2021-08-09,TN-KAL,Kallakurichi,43
2021-08-10,TN-KAL,Kallakurichi,43
2021-08-11,TN-KAL,Kallakurichi,31
2021-08-12,TN-KAL,Kallakurichi,36
2021-08-13,TN-KAL,Kallakurichi,46
2021-08-14,TN-KAL,Kallakurichi,29
2021-08-15,TN-KAL,Kallakurichi,38
2021-08-16,TN-KAL,Kallakurichi,31
2021-08-17,TN-KAL,Kallakurichi,32
2021-08-18,TN-KAL,Kallakurichi,29
2021-08-19,TN-KAL,Kallakurichi,26
2021-08-20,TN-KAL,Kallakurichi,26
2021-08-21,TN-KAL,Kallakurichi,24
2021-08-22,TN-KAL,Kallakurichi,22
2021-08-23,TN-KAL,Kallakurichi,20
2021-08-24,TN-KAL,Kallakurichi,37
2021-08-25,TN-KAL,Kallakurichi,36
2021-08-26,TN-KAL,Kallakurichi,33
2021-08-27,TN-KAL,Kallakurichi,24
2021-08-28,TN-KAL,Kallakurichi,19
2021-08-29,TN-KAL,Kallakurichi,20
2021-08-30,TN-KAL,Kallakurichi,24
2021-08-31,TN-KAL,Kallakurichi,28
2021-09-01,TN-KAL,Kallakurichi,31
2021-09-02,TN-KAL,Kallakurichi,16
2021-09-03,TN-KAL,Kallakurichi,23
2021-09-04,TN-KAL,Kallakurichi,20
2021-09-05,TN-KAL,Kallakurichi,21
2021-09-06,TN-KAL,Kallakurichi,27
2021-09-07,TN-KAL,Kallakurichi,47
2021-09-08,TN-KAL,Kallakurichi,44
2021-09-09,TN-KAL,Kallakurichi,32
2021-09-10,TN-KAL,Kallakurichi,34
2021-09-11,TN-KAL,Kallakurichi,33
2021-09-12,TN-KAL,Kallakurichi,27
2021-09-13,TN-KAL,Kallakurichi,25
2021-09-14,TN-KAL,Kallakurichi,29
2021-09-15,TN-KAL,Kallakurichi,35
2021-09-16,TN-KAL,Kallakurichi,38
2021-09-17,TN-KAL,Kallakurichi,37
2021-09-18,TN-KAL,Kallakurichi,45
2021-09-19,TN-KAL,Kallakurichi,32
2021-09-20,TN-KAL,Kallakurichi,31
2021-09-21,TN-KAL,Kallakurichi,26
2021-09-22,TN-KAL,Kallakurichi,20
2021-09-23,TN-KAL,Kallakurichi,23
2021-09-24,TN-KAL,Kallakurichi,23
2021-09-25,TN-KAL,Kallakurichi,20
2021-09-26,TN-KAL,Kallakurichi,19
2021-09-27,TN-KAL,Kallakurichi,19
2021-09-28,TN-KAL,Kallakurichi,17
2021-09-29,TN-KAL,Kallakurichi,32
2021-09-30,TN-KAL,Kallakurichi,22
2021-10-01,TN-KAL,Kallakurichi,20
2021-10-02,TN-KAL,Kallakurichi,18
2021-10-03,TN-KAL,Kallakurichi,18
2021-10-04,TN-KAL,Kallakurichi,16
2021-10-05,TN-KAL,Kallakurichi,15
2021-10-06,TN-KAL,Kallakurichi,14
2021-10-07,TN-KAL,Kallakurichi,12
2021-10-08,TN-KAL,Kallakurichi,14
2021-10-09,TN-KAL,Kallakurichi,11
2021-10-10,TN-KAL,Kallakurichi,18
2021-10-11,TN-KAL,Kallakurichi,17
2021-10-12,TN-KAL,Kallakurichi,16
2021-10-13,TN-KAL,Kallakurichi,14
2021-10-14,TN-KAL,Kallakurichi,18
2021-10-15,TN-KAL,Kallakurichi,16
2021-10-16,TN-KAL,Kallakurichi,16
2021-10-17,TN-KAL,Kallakurichi,15
2021-10-18,TN-KAL,Kallakurichi,14
2021-10-19,TN-KAL,Kallakurichi,15
2021-10-20,TN-KAL,Kallakurichi,12
2021-10-21,TN-KAL,Kallakurichi,11
2021-10-22,TN-KAL,Kallakurichi,14
2021-10-23,TN-KAL,Kallakurichi,8
2021-10-24,TN-KAL,Kallakurichi,7
2021-10-25,TN-KAL,Kallakurichi,10
2021-10-26,TN-KAL,Kallakurichi,7
2021-10-27,TN-KAL,Kallakurichi,1
2021-10-28,TN-KAL,Kallakurichi,9
2021-10-29,TN-KAL,Kallakurichi,11
2021-10-30,TN-KAL,Kallakurichi,14
2021-10-31,TN-KAL,Kallakurichi,14
2021-08-01,TN-KAN,Kancheepuram,0
2021-08-02,TN-KAN,Kancheepuram,46
2021-08-03,TN-KAN,Kancheepuram,42
2021-08-04,TN-KAN,Kancheepuram,39
2021-08-05,TN-KAN,Kancheepuram,41
2021-08-06,TN-KAN,Kancheepuram,33
2021-08-07,TN-KAN,Kancheepuram,41
2021-08-08,TN-KAN,Kancheepuram,40
2021-08-09,TN-KAN,Kancheepuram,33
2021-08-10,TN-KAN,Kancheepuram,36
2021-08-11,TN-KAN,Kancheepuram,42
2021-08-12,TN-KAN,Kancheepuram,44
2021-08-13,TN-KAN,Kancheepuram,32
2021-08-14,TN-KAN,Kancheepuram,28
2021-08-15,TN-KAN,Kancheepuram,31
2021-08-16,TN-KAN,Kancheepuram,33
2021-08-17,TN-KAN,Kancheepuram,30
2021-08-18,TN-KAN,Kancheepuram,44
2021-08-19,TN-KAN,Kancheepuram,35
2021-08-20,TN-KAN,Kancheepuram,31
2021-08-21,TN-KAN,Kancheepuram,31
2021-08-22,TN-KAN,Kancheepuram,36
2021-08-23,TN-KAN,Kancheepuram,34
2021-08-24,TN-KAN,Kancheepuram,36
2021-08-25,TN-KAN,Kancheepuram,34
2021-08-26,TN-KAN,Kancheepuram,34
2021-08-27,TN-KAN,Kancheepuram,35
2021-08-28,TN-KAN,Kancheepuram,32
2021-08-29,TN-KAN,Kancheepuram,34
2021-08-30,TN-KAN,Kancheepuram,32
2021-08-31,TN-KAN,Kancheepuram,40
2021-09-01,TN-KAN,Kancheepuram,46
2021-09-02,TN-KAN,Kancheepuram,39
2021-09-03,TN-KAN,Kancheepuram,38
2021-09-04,TN-KAN,Kancheepuram,34
2021-09-05,TN-KAN,Kancheepuram,34
2021-09-06,TN-KAN,Kancheepuram,32
2021-09-07,TN-KAN,Kancheepuram,40
2021-09-08,TN-KAN,Kancheepuram,36
2021-09-09,TN-KAN,Kancheepuram,29
2021-09-10,TN-KAN,Kancheepuram,31
2021-09-11,TN-KAN,Kancheepuram,32
2021-09-12,TN-KAN,Kancheepuram,29
2021-09-13,TN-KAN,Kancheepuram,33
2021-09-14,TN-KAN,Kancheepuram,38
2021-09-15,TN-KAN,Kancheepuram,45
2021-09-16,TN-KAN,Kancheepuram,36
2021-09-17,TN-KAN,Kancheepuram,33
2021-09-18,TN-KAN,Kancheepuram,39
2021-09-19,TN-KAN,Kancheepuram,46
2021-09-20,TN-KAN,Kancheepuram,43
2021-09-21,TN-KAN,Kancheepuram,44
2021-09-22,TN-KAN,Kancheepuram,41
2021-09-23,TN-KAN,Kancheepuram,39
2021-09-24,TN-KAN,Kancheepuram,33
2021-09-25,TN-KAN,Kancheepuram,37
2021-09-26,TN-KAN,Kancheepuram,35
2021-09-27,TN-KAN,Kancheepuram,41
2021-09-28,TN-KAN,Kancheepuram,40
2021-09-29,TN-KAN,Kancheepuram,41
2021-09-30,TN-KAN,Kancheepuram,37
2021-10-01,TN-KAN,Kancheepuram,41
2021-10-02,TN-KAN,Kancheepuram,31
2021-10-03,TN-KAN,Kancheepuram,33
2021-10-04,TN-KAN,Kancheepuram,33
2021-10-05,TN-KAN,Kancheepuram,34
2021-10-06,TN-KAN,Kancheepuram,33
2021-10-07,TN-KAN,Kancheepuram,31
2021-10-08,TN-KAN,Kancheepuram,29
2021-10-09,TN-KAN,Kancheepuram,27
2021-10-10,TN-KAN,Kancheepuram,35
2021-10-11,TN-KAN,Kancheepuram,33
2021-10-12,TN-KAN,Kancheepuram,37
2021-10-13,TN-KAN,Kancheepuram,36
2021-10-14,TN-KAN,Kancheepuram,35
2021-10-15,TN-KAN,Kancheepuram,35
2021-10-16,TN-KAN,Kancheepuram,31
2021-10-17,TN-KAN,Kancheepuram,30
2021-10-18,TN-KAN,Kancheepuram,30
2021-10-19,TN-KAN,Kancheepuram,35
2021-10-20,TN-KAN,Kancheepuram,49
2021-10-21,TN-KAN,Kancheepuram,17
2021-10-22,TN-KAN,Kancheepuram,32
2021-10-23,TN-KAN,Kancheepuram,33
2021-10-24,TN-KAN,Kancheepuram,34
2021-10-25,TN-KAN,Kancheepuram,36
2021-10-26,TN-KAN,Kancheepuram,34
2021-10-27,TN-KAN,Kancheepuram,29
2021-10-28,TN-KAN,Kancheepuram,29
2021-10-29,TN-KAN,Kancheepuram,37
2021-10-30,TN-KAN,Kancheepuram,30
2021-10-31,TN-KAN,Kancheepuram,30
2021-08-01,TN-KAN,Kanyakumari,0
2021-08-02,TN-KAN,Kanyakumari,27
2021-08-03,TN-KAN,Kanyakumari,18
2021-08-04,TN-KAN,Kanyakumari,35
2021-08-05,TN-KAN,Kanyakumari,32
2021-08-06,TN-KAN,Kanyakumari,35
2021-08-07,TN-KAN,Kanyakumari,42
2021-08-08,TN-KAN,Kanyakumari,38
2021-08-09,TN-KAN,Kanyakumari,33
2021-08-10,TN-KAN,Kanyakumari,30
2021-08-11,TN-KAN,Kanyakumari,30
2021-08-12,TN-KAN,Kanyakumari,25
2021-08-13,TN-KAN,Kanyakumari,28
2021-08-14,TN-KAN,Kanyakumari,30
2021-08-15,TN-KAN,Kanyakumari,28
2021-08-16,TN-KAN,Kanyakumari,34
2021-08-17,TN-KAN,Kanyakumari,31
2021-08-18,TN-KAN,Kanyakumari,27
2021-08-19,TN-KAN,Kanyakumari,20
2021-08-20,TN-KAN,Kanyakumari,27
2021-08-21,TN-KAN,Kanyakumari,25
2021-08-22,TN-KAN,Kanyakumari,27
2021-08-23,TN-KAN,Kanyakumari,26
2021-08-24,TN-KAN,Kanyakumari,24
2021-08-25,TN-KAN,Kanyakumari,26
2021-08-26,TN-KAN,Kanyakumari,25
2021-08-27,TN-KAN,Kanyakumari,32
2021-08-28,TN-KAN,Kanyakumari,25
2021-08-29,TN-KAN,Kanyakumari,23
2021-08-30,TN-KAN,Kanyakumari,30
2021-08-31,TN-KAN,Kanyakumari,28
2021-09-01,TN-KAN,Kanyakumari,23
2021-09-02,TN-KAN,Kanyakumari,25
2021-09-03,TN-KAN,Kanyakumari,19
2021-09-04,TN-KAN,Kanyakumari,24
2021-09-05,TN-KAN,Kanyakumari,16
2021-09-06,TN-KAN,Kanyakumari,20
2021-09-07,TN-KAN,Kanyakumari,22
2021-09-08,TN-KAN,Kanyakumari,20
2021-09-09,TN-KAN,Kanyakumari,27
2021-09-10,TN-KAN,Kanyakumari,26
2021-09-11,TN-KAN,Kanyakumari,31
2021-09-12,TN-KAN,Kanyakumari,32
2021-09-13,TN-KAN,Kanyakumari,33
2021-09-14,TN-KAN,Kanyakumari,26
2021-09-15,TN-KAN,Kanyakumari,33
2021-09-16,TN-KAN,Kanyakumari,23
2021-09-17,TN-KAN,Kanyakumari,25
2021-09-18,TN-KAN,Kanyakumari,31
2021-09-19,TN-KAN,Kanyakumari,20
2021-09-20,TN-KAN,Kanyakumari,31
2021-09-21,TN-KAN,Kanyakumari,27
2021-09-22,TN-KAN,Kanyakumari,24
2021-09-23,TN-KAN,Kanyakumari,28
2021-09-24,TN-KAN,Kanyakumari,26
2021-09-25,TN-KAN,Kanyakumari,20
2021-09-26,TN-KAN,Kanyakumari,32
2021-09-27,TN-KAN,Kanyakumari,28
2021-09-28,TN-KAN,Kanyakumari,27
2021-09-29,TN-KAN,Kanyakumari,30
2021-09-30,TN-KAN,Kanyakumari,26
2021-10-01,TN-KAN,Kanyakumari,29
2021-10-02,TN-KAN,Kanyakumari,26
2021-10-03,TN-KAN,Kanyakumari,25
2021-10-04,TN-KAN,Kanyakumari,24
2021-10-05,TN-KAN,Kanyakumari,23
2021-10-06,TN-KAN,Kanyakumari,21
2021-10-07,TN-KAN,Kanyakumari,23
2021-10-08,TN-KAN,Kanyakumari,25
2021-10-09,TN-KAN,Kanyakumari,22
2021-10-10,TN-KAN,Kanyakumari,21
2021-10-11,TN-KAN,Kanyakumari,24
2021-10-12,TN-KAN,Kanyakumari,20
2021-10-13,TN-KAN,Kanyakumari,21
2021-10-14,TN-KAN,Kanyakumari,19
2021-10-15,TN-KAN,Kanyakumari,17
2021-10-16,TN-KAN,Kanyakumari,17
2021-10-17,TN-KAN,Kanyakumari,14
2021-10-18,TN-KAN,Kanyakumari,7
2021-10-19,TN-KAN,Kanyakumari,12
2021-10-20,TN-KAN,Kanyakumari,10
2021-10-21,TN-KAN,Kanyakumari,16
2021-10-22,TN-KAN,Kanyakumari,20
2021-10-23,TN-KAN,Kanyakumari,19
2021-10-24,TN-KAN,Kanyakumari,20
2021-10-25,TN-KAN,Kanyakumari,14
2021-10-26,TN-KAN,Kanyakumari,17
2021-10-27,TN-KAN,Kanyakumari,20
2021-10-28,TN-KAN,Kanyakumari,18
2021-10-29,TN-KAN,Kanyakumari,17
2021-10-30,TN-KAN,Kanyakumari,17
2021-10-31,TN-KAN,Kanyakumari,17
2021-08-01,TN-KAR,Karur,0
2021-08-02,TN-KAR,Karur,14
2021-08-03,TN-KAR,Karur,22
2021-08-04,TN-KAR,Karur,22
2021-08-05,TN-KAR,Karur,17
2021-08-06,TN-KAR,Karur,19
2021-08-07,TN-KAR,Karur,17
2021-08-08,TN-KAR,Karur,15
2021-08-09,TN-KAR,Karur,19
2021-08-10,TN-KAR,Karur,13
2021-08-11,TN-KAR,Karur,23
2021-08-12,TN-KAR,Karur,16
2021-08-13,TN-KAR,Karur,14
2021-08-14,TN-KAR,Karur,19
2021-08-15,TN-KAR,Karur,19
2021-08-16,TN-KAR,Karur,13
2021-08-17,TN-KAR,Karur,14
2021-08-18,TN-KAR,Karur,18
2021-08-19,TN-KAR,Karur,14
2021-08-20,TN-KAR,Karur,11
2021-08-21,TN-KAR,Karur,13
2021-08-22,TN-KAR,Karur,15
2021-08-23,TN-KAR,Karur,15
2021-08-24,TN-KAR,Karur,13
2021-08-25,TN-KAR,Karur,17
2021-08-26,TN-KAR,Karur,7
2021-08-27,TN-KAR,Karur,9
2021-08-28,TN-KAR,Karur,15
2021-08-29,TN-KAR,Karur,11
2021-08-30,TN-KAR,Karur,12
2021-08-31,TN-KAR,Karur,11
2021-09-01,TN-KAR,Karur,6
2021-09-02,TN-KAR,Karur,18
2021-09-03,TN-KAR,Karur,7
2021-09-04,TN-KAR,Karur,20
2021-09-05,TN-KAR,Karur,13
2021-09-06,TN-KAR,Karur,18
2021-09-07,TN-KAR,Karur,10
2021-09-08,TN-KAR,Karur,17
2021-09-09,TN-KAR,Karur,19
2021-09-10,TN-KAR,Karur,9
2021-09-11,TN-KAR,Karur,15
2021-09-12,TN-KAR,Karur,18
2021-09-13,TN-KAR,Karur,22
2021-09-14,TN-KAR,Karur,16
2021-09-15,TN-KAR,Karur,20
2021-09-16,TN-KAR,Karur,14
2021-09-17,TN-KAR,Karur,22
2021-09-18,TN-KAR,Karur,14
2021-09-19,TN-KAR,Karur,16
2021-09-20,TN-KAR,Karur,11
2021-09-21,TN-KAR,Karur,13
2021-09-22,TN-KAR,Karur,23
2021-09-23,TN-KAR,Karur,8
2021-09-24,TN-KAR,Karur,13
2021-09-25,TN-KAR,Karur,21
2021-09-26,TN-KAR,Karur,17
2021-09-27,TN-KAR,Karur,20
2021-09-28,TN-KAR,Karur,17
2021-09-29,TN-KAR,Karur,23
2021-09-30,TN-KAR,Karur,16
2021-10-01,TN-KAR,Karur,19
2021-10-02,TN-KAR,Karur,25
2021-10-03,TN-KAR,Karur,17
2021-10-04,TN-KAR,Karur,18
2021-10-05,TN-KAR,Karur,18
2021-10-06,TN-KAR,Karur,15
2021-10-07,TN-KAR,Karur,14
2021-10-08,TN-KAR,Karur,12
2021-10-09,TN-KAR,Karur,14
2021-10-10,TN-KAR,Karur,12
2021-10-11,TN-KAR,Karur,14
2021-10-12,TN-KAR,Karur,11
2021-10-13,TN-KAR,Karur,11
2021-10-14,TN-KAR,Karur,12
2021-10-15,TN-KAR,Karur,14
2021-10-16,TN-KAR,Karur,7
2021-10-17,TN-KAR,Karur,11
2021-10-18,TN-KAR,Karur,15
2021-10-19,TN-KAR,Karur,15
2021-10-20,TN-KAR,Karur,19
2021-10-21,TN-KAR,Karur,16
2021-10-22,TN-KAR,Karur,21
2021-10-23,TN-KAR,Karur,16
2021-10-24,TN-KAR,Karur,21
2021-10-25,TN-KAR,Karur,17
2021-10-26,TN-KAR,Karur,20
2021-10-27,TN-KAR,Karur,20
2021-10-28,TN-KAR,Karur,19
2021-10-29,TN-KAR,Karur,17
2021-10-30,TN-KAR,Karur,23
2021-10-31,TN-KAR,Karur,20
2021-08-01,TN-KRI,Krishnagiri,0
2021-08-02,TN-KRI,Krishnagiri,31
2021-08-03,TN-KRI,Krishnagiri,22
2021-08-04,TN-KRI,Krishnagiri,28
2021-08-05,TN-KRI,Krishnagiri,23
2021-08-06,TN-KRI,Krishnagiri,22
2021-08-07,TN-KRI,Krishnagiri,28
2021-08-08,TN-KRI,Krishnagiri,24
2021-08-09,TN-KRI,Krishnagiri,19
2021-08-10,TN-KRI,Krishnagiri,22
2021-08-11,TN-KRI,Krishnagiri,26
2021-08-12,TN-KRI,Krishnagiri,26
2021-08-13,TN-KRI,Krishnagiri,22
2021-08-14,TN-KRI,Krishnagiri,27
2021-08-15,TN-KRI,Krishnagiri,29
2021-08-16,TN-KRI,Krishnagiri,28
2021-08-17,TN-KRI,Krishnagiri,25
2021-08-18,TN-KRI,Krishnagiri,30
2021-08-19,TN-KRI,Krishnagiri,26
2021-08-20,TN-KRI,Krishnagiri,22
2021-08-21,TN-KRI,Krishnagiri,20
2021-08-22,TN-KRI,Krishnagiri,18
2021-08-23,TN-KRI,Krishnagiri,17
2021-08-24,TN-KRI,Krishnagiri,12
2021-08-25,TN-KRI,Krishnagiri,32
2021-08-26,TN-KRI,Krishnagiri,26
2021-08-27,TN-KRI,Krishnagiri,19
2021-08-28,TN-KRI,Krishnagiri,21
2021-08-29,TN-KRI,Krishnagiri,17
2021-08-30,TN-KRI,Krishnagiri,14
2021-08-31,TN-KRI,Krishnagiri,16
2021-09-01,TN-KRI,Krishnagiri,18
2021-09-02,TN-KRI,Krishnagiri,13
2021-09-03,TN-KRI,Krishnagiri,19
2021-09-04,TN-KRI,Krishnagiri,12
2021-09-05,TN-KRI,Krishnagiri,19
2021-09-06,TN-KRI,Krishnagiri,17
2021-09-07,TN-KRI,Krishnagiri,15
2021-09-08,TN-KRI,Krishnagiri,36
2021-09-09,TN-KRI,Krishnagiri,27
2021-09-10,TN-KRI,Krishnagiri,23
2021-09-11,TN-KRI,Krishnagiri,21
2021-09-12,TN-KRI,Krishnagiri,18
2021-09-13,TN-KRI,Krishnagiri,19
2021-09-14,TN-KRI,Krishnagiri,22
2021-09-15,TN-KRI,Krishnagiri,20
2021-09-16,TN-KRI,Krishnagiri,31
2021-09-17,TN-KRI,Krishnagiri,22
2021-09-18,TN-KRI,Krishnagiri,38
2021-09-19,TN-KRI,Krishnagiri,25
2021-09-20,TN-KRI,Krishnagiri,34
2021-09-21,TN-KRI,Krishnagiri,25
2021-09-22,TN-KRI,Krishnagiri,35
2021-09-23,TN-KRI,Krishnagiri,37
2021-09-24,TN-KRI,Krishnagiri,35
2021-09-25,TN-KRI,Krishnagiri,26
2021-09-26,TN-KRI,Krishnagiri,36
2021-09-27,TN-KRI,Krishnagiri,32
2021-09-28,TN-KRI,Krishnagiri,31
2021-09-29,TN-KRI,Krishnagiri,29
2021-09-30,TN-KRI,Krishnagiri,29
2021-10-01,TN-KRI,Krishnagiri,27
2021-10-02,TN-KRI,Krishnagiri,31
2021-10-03,TN-KRI,Krishnagiri,43
2021-10-04,TN-KRI,Krishnagiri,38
2021-10-05,TN-KRI,Krishnagiri,34
2021-10-06,TN-KRI,Krishnagiri,32
2021-10-07,TN-KRI,Krishnagiri,30
2021-10-08,TN-KRI,Krishnagiri,37
2021-10-09,TN-KRI,Krishnagiri,29
2021-10-10,TN-KRI,Krishnagiri,27
2021-10-11,TN-KRI,Krishnagiri,24
2021-10-12,TN-KRI,Krishnagiri,19
2021-10-13,TN-KRI,Krishnagiri,17
2021-10-14,TN-KRI,Krishnagiri,16
2021-10-15,TN-KRI,Krishnagiri,22
2021-10-16,TN-KRI,Krishnagiri,20
2021-10-17,TN-KRI,Krishnagiri,23
2021-10-18,TN-KRI,Krishnagiri,18
2021-10-19,TN-KRI,Krishnagiri,16
2021-10-20,TN-KRI,Krishnagiri,18
2021-10-21,TN-KRI,Krishnagiri,19
2021-10-22,TN-KRI,Krishnagiri,15
2021-10-23,TN-KRI,Krishnagiri,15
2021-10-24,TN-KRI,Krishnagiri,17
2021-10-25,TN-KRI,Krishnagiri,18
2021-10-26,TN-KRI,Krishnagiri,19
2021-10-27,TN-KRI,Krishnagiri,23
2021-10-28,TN-KRI,Krishnagiri,23
2021-10-29,TN-KRI,Krishnagiri,17
2021-10-30,TN-KRI,Krishnagiri,18
2021-10-31,TN-KRI,Krishnagiri,16
2021-08-01,TN-MAD,Madurai,0
2021-08-02,TN-MAD,Madurai,24
2021-08-03,TN-MAD,Madurai,22
2021-08-04,TN-MAD,Madurai,26
2021-08-05,TN-MAD,Madurai,27
2021-08-06,TN-MAD,Madurai,20
2021-08-07,TN-MAD,Madurai,20
2021-08-08,TN-MAD,Madurai,17
2021-08-09,TN-MAD,Madurai,22
2021-08-10,TN-MAD,Madurai,20
2021-08-11,TN-MAD,Madurai,15
2021-08-12,TN-MAD,Madurai,18
2021-08-13,TN-MAD,Madurai,22
2021-08-14,TN-MAD,Madurai,17
2021-08-15,TN-MAD,Madurai,11
2021-08-16,TN-MAD,Madurai,11
2021-08-17,TN-MAD,Madurai,12
2021-08-18,TN-MAD,Madurai,14
2021-08-19,TN-MAD,Madurai,14
2021-08-20,TN-MAD,Madurai,12
2021-08-21,TN-MAD,Madurai,12
2021-08-22,TN-MAD,Madurai,12
2021-08-23,TN-MAD,Madurai,10
2021-08-24,TN-MAD,Madurai,14
2021-08-25,TN-MAD,Madurai,9
2021-08-26,TN-MAD,Madurai,15
2021-08-27,TN-MAD,Madurai,14
2021-08-28,TN-MAD,Madurai,11
2021-08-29,TN-MAD,Madurai,12
2021-08-30,TN-MAD,Madurai,17
2021-08-31,TN-MAD,Madurai,17
2021-09-01,TN-MAD,Madurai,13
2021-09-02,TN-MAD,Madurai,9
2021-09-03,TN-MAD,Madurai,10
2021-09-04,TN-MAD,Madurai,15
2021-09-05,TN-MAD,Madurai,19
2021-09-06,TN-MAD,Madurai,20
2021-09-07,TN-MAD,Madurai,21
2021-09-08,TN-MAD,Madurai,17
2021-09-09,TN-MAD,Madurai,5
2021-09-10,TN-MAD,Madurai,17
2021-09-11,TN-MAD,Madurai,20
2021-09-12,TN-MAD,Madurai,13
2021-09-13,TN-MAD,Madurai,19
2021-09-14,TN-MAD,Madurai,26
2021-09-15,TN-MAD,Madurai,16
2021-09-16,TN-MAD,Madurai,14
2021-09-17,TN-MAD,Madurai,20
2021-09-18,TN-MAD,Madurai,17
2021-09-19,TN-MAD,Madurai,15
2021-09-20,TN-MAD,Madurai,26
2021-09-21,TN-MAD,Madurai,27
2021-09-22,TN-MAD,Madurai,23
2021-09-23,TN-MAD,Madurai,32
2021-09-24,TN-MAD,Madurai,28
2021-09-25,TN-MAD,Madurai,25
2021-09-26,TN-MAD,Madurai,32
2021-09-27,TN-MAD,Madurai,24
2021-09-28,TN-MAD,Madurai,23
2021-09-29,TN-MAD,Madurai,24
2021-09-30,TN-MAD,Madurai,26
2021-10-01,TN-MAD,Madurai,25
2021-10-02,TN-MAD,Madurai,34
2021-10-03,TN-MAD,Madurai,29
2021-10-04,TN-MAD,Madurai,29
2021-10-05,TN-MAD,Madurai,29
2021-10-06,TN-MAD,Madurai,26
2021-10-07,TN-MAD,Madurai,23
2021-10-08,TN-MAD,Madurai,20
2021-10-09,TN-MAD,Madurai,18
2021-10-10,TN-MAD,Madurai,15
2021-10-11,TN-MAD,Madurai,19
2021-10-12,TN-MAD,Madurai,18
2021-10-13,TN-MAD,Madurai,18
2021-10-14,TN-MAD,Madurai,22
2021-10-15,TN-MAD,Madurai,19
2021-10-16,TN-MAD,Madurai,18
2021-10-17,TN-MAD,Madurai,18
2021-10-18,TN-MAD,Madurai,20
2021-10-19,TN-MAD,Madurai,16
2021-10-20,TN-MAD,Madurai,26
2021-10-21,TN-MAD,Madurai,20
2021-10-22,TN-MAD,Madurai,19
2021-10-23,TN-MAD,Madurai,21
2021-10-24,TN-MAD,Madurai,15
2021-10-25,TN-MAD,Madurai,13
2021-10-26,TN-MAD,Madurai,14
2021-10-27,TN-MAD,Madurai,12
2021-10-28,TN-MAD,Madurai,15
2021-10-29,TN-MAD,Madurai,18
2021-10-30,TN-MAD,Madurai,14
2021-10-31,TN-MAD,Madurai,13
2021-08-01,TN-MAY,Mayiladuthurai,0
2021-08-02,TN-MAY,Mayiladuthurai,30
2021-08-03,TN-MAY,Mayiladuthurai,28
2021-08-04,TN-MAY,Mayiladuthurai,23
2021-08-05,TN-MAY,Mayiladuthurai,32
2021-08-06,TN-MAY,Mayiladuthurai,28
2021-08-07,TN-MAY,Mayiladuthurai,21
2021-08-08,TN-MAY,Mayiladuthurai,30
2021-08-09,TN-MAY,Mayiladuthurai,23
2021-08-10,TN-MAY,Mayiladuthurai,27
2021-08-11,TN-MAY,Mayiladuthurai,25
2021-08-12,TN-MAY,Mayiladuthurai,24
2021-08-13,TN-MAY,Mayiladuthurai,20
2021-08-14,TN-MAY,Mayiladuthurai,30
2021-08-15,TN-MAY,Mayiladuthurai,48
2021-08-16,TN-MAY,Mayiladuthurai,36
2021-08-17,TN-MAY,Mayiladuthurai,34
2021-08-18,TN-MAY,Mayiladuthurai,26
2021-08-19,TN-MAY,Mayiladuthurai,24
2021-08-20,TN-MAY,Mayiladuthurai,22
2021-08-21,TN-MAY,Mayiladuthurai,23
2021-08-22,TN-MAY,Mayiladuthurai,21
2021-08-23,TN-MAY,Mayiladuthurai,21
2021-08-24,TN-MAY,Mayiladuthurai,23
2021-08-25,TN-MAY,Mayiladuthurai,27
2021-08-26,TN-MAY,Mayiladuthurai,33
2021-08-27,TN-MAY,Mayiladuthurai,36
2021-08-28,TN-MAY,Mayiladuthurai,33
2021-08-29,TN-MAY,Mayiladuthurai,29
2021-08-30,TN-MAY,Mayiladuthurai,25
2021-08-31,TN-MAY,Mayiladuthurai,35
2021-09-01,TN-MAY,Mayiladuthurai,33
2021-09-02,TN-MAY,Mayiladuthurai,28
2021-09-03,TN-MAY,Mayiladuthurai,46
2021-09-04,TN-MAY,Mayiladuthurai,27
2021-09-05,TN-MAY,Mayiladuthurai,58
2021-09-06,TN-MAY,Mayiladuthurai,32
2021-09-07,TN-MAY,Mayiladuthurai,41
2021-09-08,TN-MAY,Mayiladuthurai,32
2021-09-09,TN-MAY,Mayiladuthurai,30
2021-09-10,TN-MAY,Mayiladuthurai,55
2021-09-11,TN-MAY,Mayiladuthurai,25
2021-09-12,TN-MAY,Mayiladuthurai,33
2021-09-13,TN-MAY,Mayiladuthurai,22
2021-09-14,TN-MAY,Mayiladuthurai,16
2021-09-15,TN-MAY,Mayiladuthurai,40
2021-09-16,TN-MAY,Mayiladuthurai,33
2021-09-17,TN-MAY,Mayiladuthurai,30
2021-09-18,TN-MAY,Mayiladuthurai,25
2021-09-19,TN-MAY,Mayiladuthurai,25
2021-09-20,TN-MAY,Mayiladuthurai,15
2021-09-21,TN-MAY,Mayiladuthurai,35
2021-09-22,TN-MAY,Mayiladuthurai,21
2021-09-23,TN-MAY,Mayiladuthurai,31
2021-09-24,TN-MAY,Mayiladuthurai,28
2021-09-25,TN-MAY,Mayiladuthurai,26
2021-09-26,TN-MAY,Mayiladuthurai,24
2021-09-27,TN-MAY,Mayiladuthurai,32
2021-09-28,TN-MAY,Mayiladuthurai,25
2021-09-29,TN-MAY,Mayiladuthurai,23
2021-09-30,TN-MAY,Mayiladuthurai,33
2021-10-01,TN-MAY,Mayiladuthurai,24
2021-10-02,TN-MAY,Mayiladuthurai,46
2021-10-03,TN-MAY,Mayiladuthurai,27
2021-10-04,TN-MAY,Mayiladuthurai,27
2021-10-05,TN-MAY,Mayiladuthurai,26
2021-10-06,TN-MAY,Mayiladuthurai,23
2021-10-07,TN-MAY,Mayiladuthurai,28
2021-10-08,TN-MAY,Mayiladuthurai,18
2021-10-09,TN-MAY,Mayiladuthurai,19
2021-10-10,TN-MAY,Mayiladuthurai,16
2021-10-11,TN-MAY,Mayiladuthurai,12
2021-10-12,TN-MAY,Mayiladuthurai,11
2021-10-13,TN-MAY,Mayiladuthurai,11
2021-10-14,TN-MAY,Mayiladuthurai,9
2021-10-15,TN-MAY,Mayiladuthurai,10
2021-10-16,TN-MAY,Mayiladuthurai,16
2021-10-17,TN-MAY,Mayiladuthurai,13
2021-10-18,TN-MAY,Mayiladuthurai,16
2021-10-19,TN-MAY,Mayiladuthurai,10
2021-10-20,TN-MAY,Mayiladuthurai,11
2021-10-21,TN-MAY,Mayiladuthurai,10
2021-10-22,TN-MAY,Mayiladuthurai,10
2021-10-23,TN-MAY,Mayiladuthurai,15
2021-10-24,TN-MAY,Mayiladuthurai,12
2021-10-25,TN-MAY,Mayiladuthurai,11
2021-10-26,TN-MAY,Mayiladuthurai,6
2021-10-27,TN-MAY,Mayiladuthurai,6
2021-10-28,TN-MAY,Mayiladuthurai,2
2021-10-29,TN-MAY,Mayiladuthurai,9
2021-10-30,TN-MAY,Mayiladuthurai,4
2021-10-31,TN-MAY,Mayiladuthurai,3
2021-08-01,TN-NAG,Nagapattinam,0
2021-08-02,TN-NAG,Nagapattinam,31
2021-08-03,TN-NAG,Nagapattinam,40
2021-08-04,TN-NAG,Nagapattinam,29
2021-08-05,TN-NAG,Nagapattinam,30
2021-08-06,TN-NAG,Nagapattinam,45
2021-08-07,TN-NAG,Nagapattinam,40
2021-08-08,TN-NAG,Nagapattinam,44
2021-08-09,TN-NAG,Nagapattinam,40
2021-08-10,TN-NAG,Nagapattinam,42
2021-08-11,TN-NAG,Nagapattinam,36
2021-08-12,TN-NAG,Nagapattinam,34
2021-08-13,TN-NAG,Nagapattinam,32
2021-08-14,TN-NAG,Nagapattinam,20
2021-08-15,TN-NAG,Nagapattinam,21
2021-08-16,TN-NAG,Nagapattinam,30
2021-08-17,TN-NAG,Nagapattinam,28
2021-08-18,TN-NAG,Nagapattinam,33
2021-08-19,TN-NAG,Nagapattinam,30
2021-08-20,TN-NAG,Nagapattinam,28
2021-08-21,TN-NAG,Nagapattinam,39
2021-08-22,TN-NAG,Nagapattinam,45
2021-08-23,TN-NAG,Nagapattinam,43
2021-08-24,TN-NAG,Nagapattinam,35
2021-08-25,TN-NAG,Nagapattinam,28
2021-08-26,TN-NAG,Nagapattinam,19
2021-08-27,TN-NAG,Nagapattinam,26
2021-08-28,TN-NAG,Nagapattinam,22
2021-08-29,TN-NAG,Nagapattinam,21
2021-08-30,TN-NAG,Nagapattinam,40
2021-08-31,TN-NAG,Nagapattinam,19
2021-09-01,TN-NAG,Nagapattinam,31
2021-09-02,TN-NAG,Nagapattinam,33
2021-09-03,TN-NAG,Nagapattinam,7
2021-09-04,TN-NAG,Nagapattinam,29
2021-09-05,TN-NAG,Nagapattinam,28
2021-09-06,TN-NAG,Nagapattinam,24
2021-09-07,TN-NAG,Nagapattinam,22
2021-09-08,TN-NAG,Nagapattinam,28
2021-09-09,TN-NAG,Nagapattinam,39
2021-09-10,TN-NAG,Nagapattinam,23
2021-09-11,TN-NAG,Nagapattinam,26
2021-09-12,TN-NAG,Nagapattinam,17
2021-09-13,TN-NAG,Nagapattinam,30
2021-09-14,TN-NAG,Nagapattinam,32
2021-09-15,TN-NAG,Nagapattinam,22
2021-09-16,TN-NAG,Nagapattinam,25
2021-09-17,TN-NAG,Nagapattinam,27
2021-09-18,TN-NAG,Nagapattinam,29
2021-09-19,TN-NAG,Nagapattinam,30
2021-09-20,TN-NAG,Nagapattinam,44
2021-09-21,TN-NAG,Nagapattinam,19
2021-09-22,TN-NAG,Nagapattinam,33
2021-09-23,TN-NAG,Nagapattinam,24
2021-09-24,TN-NAG,Nagapattinam,27
2021-09-25,TN-NAG,Nagapattinam,27
2021-09-26,TN-NAG,Nagapattinam,30
2021-09-27,TN-NAG,Nagapattinam,23
2021-09-28,TN-NAG,Nagapattinam,21
2021-09-29,TN-NAG,Nagapattinam,32
2021-09-30,TN-NAG,Nagapattinam,24
2021-10-01,TN-NAG,Nagapattinam,33
2021-10-02,TN-NAG,Nagapattinam,14
2021-10-03,TN-NAG,Nagapattinam,29
2021-10-04,TN-NAG,Nagapattinam,23
2021-10-05,TN-NAG,Nagapattinam,22
2021-10-06,TN-NAG,Nagapattinam,25
2021-10-07,TN-NAG,Nagapattinam,25
2021-10-08,TN-NAG,Nagapattinam,24
2021-10-09,TN-NAG,Nagapattinam,17
2021-10-10,TN-NAG,Nagapattinam,19
2021-10-11,TN-NAG,Nagapattinam,26
2021-10-12,TN-NAG,Nagapattinam,23
2021-10-13,TN-NAG,Nagapattinam,19
2021-10-14,TN-NAG,Nagapattinam,18
2021-10-15,TN-NAG,Nagapattinam,15
2021-10-16,TN-NAG,Nagapattinam,22
2021-10-17,TN-NAG,Nagapattinam,22
2021-10-18,TN-NAG,Nagapattinam,16
2021-10-19,TN-NAG,Nagapattinam,15
2021-10-20,TN-NAG,Nagapattinam,16
2021-10-21,TN-NAG,Nagapattinam,18
2021-10-22,TN-NAG,Nagapattinam,17
2021-10-23,TN-NAG,Nagapattinam,21
2021-10-24,TN-NAG,Nagapattinam,24
2021-10-25,TN-NAG,Nagapattinam,17
2021-10-26,TN-NAG,Nagapattinam,13
2021-10-27,TN-NAG,Nagapattinam,16
2021-10-28,TN-NAG,Nagapattinam,11
2021-10-29,TN-NAG,Nagapattinam,12
2021-10-30,TN-NAG,Nagapattinam,12
2021-10-31,TN-NAG,Nagapattinam,16
2021-08-01,TN-NAM,Namakkal,0
2021-08-02,TN-NAM,Namakkal,51
2021-08-03,TN-NAM,Namakkal,50
2021-08-04,TN-NAM,Namakkal,56
2021-08-05,TN-NAM,Namakkal,48
2021-08-06,TN-NAM,Namakkal,58
2021-08-07,TN-NAM,Namakkal,63
2021-08-08,TN-NAM,Namakkal,51
2021-08-09,TN-NAM,Namakkal,46
2021-08-10,TN-NAM,Namakkal,47
2021-08-11,TN-NAM,Namakkal,37
2021-08-12,TN-NAM,Namakkal,59
2021-08-13,TN-NAM,Namakkal,54
2021-08-14,TN-NAM,Namakkal,54
2021-08-15,TN-NAM,Namakkal,55
2021-08-16,TN-NAM,Namakkal,56
2021-08-17,TN-NAM,Namakkal,56
2021-08-18,TN-NAM,Namakkal,63
2021-08-19,TN-NAM,Namakkal,53
2021-08-20,TN-NAM,Namakkal,62
2021-08-21,TN-NAM,Namakkal,49
2021-08-22,TN-NAM,Namakkal,47
2021-08-23,TN-NAM,Namakkal,44
2021-08-24,TN-NAM,Namakkal,44
2021-08-25,TN-NAM,Namakkal,50
2021-08-26,TN-NAM,Namakkal,59
2021-08-27,TN-NAM,Namakkal,50
2021-08-28,TN-NAM,Namakkal,51
2021-08-29,TN-NAM,Namakkal,53
2021-08-30,TN-NAM,Namakkal,50
2021-08-31,TN-NAM,Namakkal,60
2021-09-01,TN-NAM,Namakkal,55
2021-09-02,TN-NAM,Namakkal,47
2021-09-03,TN-NAM,Namakkal,78
2021-09-04,TN-NAM,Namakkal,65
2021-09-05,TN-NAM,Namakkal,65
2021-09-06,TN-NAM,Namakkal,61
2021-09-07,TN-NAM,Namakkal,71
2021-09-08,TN-NAM,Namakkal,67
2021-09-09,TN-NAM,Namakkal,62
2021-09-10,TN-NAM,Namakkal,56
2021-09-11,TN-NAM,Namakkal,54
2021-09-12,TN-NAM,Namakkal,52
2021-09-13,TN-NAM,Namakkal,63
2021-09-14,TN-NAM,Namakkal,46
2021-09-15,TN-NAM,Namakkal,50
2021-09-16,TN-NAM,Namakkal,64
2021-09-17,TN-NAM,Namakkal,82
2021-09-18,TN-NAM,Namakkal,64
2021-09-19,TN-NAM,Namakkal,52
2021-09-20,TN-NAM,Namakkal,55
2021-09-21,TN-NAM,Namakkal,53
2021-09-22,TN-NAM,Namakkal,46
2021-09-23,TN-NAM,Namakkal,56
2021-09-24,TN-NAM,Namakkal,78
2021-09-25,TN-NAM,Namakkal,62
2021-09-26,TN-NAM,Namakkal,49
2021-09-27,TN-NAM,Namakkal,49
2021-09-28,TN-NAM,Namakkal,58
2021-09-29,TN-NAM,Namakkal,53
2021-09-30,TN-NAM,Namakkal,69
2021-10-01,TN-NAM,Namakkal,58
2021-10-02,TN-NAM,Namakkal,46
2021-10-03,TN-NAM,Namakkal,50
2021-10-04,TN-NAM,Namakkal,51
2021-10-05,TN-NAM,Namakkal,45
2021-10-06,TN-NAM,Namakkal,51
2021-10-07,TN-NAM,Namakkal,61
2021-10-08,TN-NAM,Namakkal,57
2021-10-09,TN-NAM,Namakkal,77
2021-10-10,TN-NAM,Namakkal,63
2021-10-11,TN-NAM,Namakkal,55
2021-10-12,TN-NAM,Namakkal,53
2021-10-13,TN-NAM,Namakkal,64
2021-10-14,TN-NAM,Namakkal,54
2021-10-15,TN-NAM,Namakkal,55
2021-10-16,TN-NAM,Namakkal,44
2021-10-17,TN-NAM,Namakkal,51
2021-10-18,TN-NAM,Namakkal,54
2021-10-19,TN-NAM,Namakkal,55
2021-10-20,TN-NAM,Namakkal,49
2021-10-21,TN-NAM,Namakkal,42
2021-10-22,TN-NAM,Namakkal,66
2021-10-23,TN-NAM,Namakkal,54
2021-10-24,TN-NAM,Namakkal,53
2021-10-25,TN-NAM,Namakkal,46
2021-10-26,TN-NAM,Namakkal,46
2021-10-27,TN-NAM,Namakkal,43
2021-10-28,TN-NAM,Namakkal,47
2021-10-29,TN-NAM,Namakkal,42
2021-10-30,TN-NAM,Namakkal,48
2021-10-31,TN-NAM,Namakkal,43
2021-08-01,TN-NIL,Nilgiris,0
2021-08-02,TN-NIL,Nilgiris,44
2021-08-03,TN-NIL,Nilgiris,40
2021-08-04,TN-NIL,Nilgiris,51
2021-08-05,TN-NIL,Nilgiris,47
2021-08-06,TN-NIL,Nilgiris,50
2021-08-07,TN-NIL,Nilgiris,54
2021-08-08,TN-NIL,Nilgiris,50
2021-08-09,TN-NIL,Nilgiris,47
2021-08-10,TN-NIL,Nilgiris,49
2021-08-11,TN-NIL,Nilgiris,43
2021-08-12,TN-NIL,Nilgiris,46
2021-08-13,TN-NIL,Nilgiris,48
2021-08-14,TN-NIL,Nilgiris,47
2021-08-15,TN-NIL,Nilgiris,44
2021-08-16,TN-NIL,Nilgiris,39
2021-08-17,TN-NIL,Nilgiris,35
2021-08-18,TN-NIL,Nilgiris,35
2021-08-19,TN-NIL,Nilgiris,32
2021-08-20,TN-NIL,Nilgiris,39
2021-08-21,TN-NIL,Nilgiris,37
2021-08-22,TN-NIL,Nilgiris,33
2021-08-23,TN-NIL,Nilgiris,32
2021-08-24,TN-NIL,Nilgiris,30
2021-08-25,TN-NIL,Nilgiris,37
2021-08-26,TN-NIL,Nilgiris,38
2021-08-27,TN-NIL,Nilgiris,30
2021-08-28,TN-NIL,Nilgiris,26
2021-08-29,TN-NIL,Nilgiris,29
2021-08-30,TN-NIL,Nilgiris,28
2021-08-31,TN-NIL,Nilgiris,25
2021-09-01,TN-NIL,Nilgiris,24
2021-09-02,TN-NIL,Nilgiris,25
2021-09-03,TN-NIL,Nilgiris,27
2021-09-04,TN-NIL,Nilgiris,28
2021-09-05,TN-NIL,Nilgiris,29
2021-09-06,TN-NIL,Nilgiris,33
2021-09-07,TN-NIL,Nilgiris,32
2021-09-08,TN-NIL,Nilgiris,30
2021-09-09,TN-NIL,Nilgiris,32
2021-09-10,TN-NIL,Nilgiris,30
2021-09-11,TN-NIL,Nilgiris,32
2021-09-12,TN-NIL,Nilgiris,33
2021-09-13,TN-NIL,Nilgiris,37
2021-09-14,TN-NIL,Nilgiris,39
2021-09-15,TN-NIL,Nilgiris,31
2021-09-16,TN-NIL,Nilgiris,32
2021-09-17,TN-NIL,Nilgiris,36
2021-09-18,TN-NIL,Nilgiris,30
2021-09-19,TN-NIL,Nilgiris,34
2021-09-20,TN-NIL,Nilgiris,39
2021-09-21,TN-NIL,Nilgiris,34
2021-09-22,TN-NIL,Nilgiris,36
2021-09-23,TN-NIL,Nilgiris,36
2021-09-24,TN-NIL,Nilgiris,38
2021-09-25,TN-NIL,Nilgiris,30
2021-09-26,TN-NIL,Nilgiris,38
2021-09-27,TN-NIL,Nilgiris,35
2021-09-28,TN-NIL,Nilgiris,36
2021-09-29,TN-NIL,Nilgiris,31
2021-09-30,TN-NIL,Nilgiris,35
2021-10-01,TN-NIL,Nilgiris,34
2021-10-02,TN-NIL,Nilgiris,33
2021-10-03,TN-NIL,Nilgiris,39
2021-10-04,TN-NIL,Nilgiris,35
2021-10-05,TN-NIL,Nilgiris,34
2021-10-06,TN-NIL,Nilgiris,38
2021-10-07,TN-NIL,Nilgiris,36
2021-10-08,TN-NIL,Nilgiris,32
2021-10-09,TN-NIL,Nilgiris,47
2021-10-10,TN-NIL,Nilgiris,39
2021-10-11,TN-NIL,Nilgiris,34
2021-10-12,TN-NIL,Nilgiris,31
2021-10-13,TN-NIL,Nilgiris,28
2021-10-14,TN-NIL,Nilgiris,30
2021-10-15,TN-NIL,Nilgiris,29
2021-10-16,TN-NIL,Nilgiris,24
2021-10-17,TN-NIL,Nilgiris,21
2021-10-18,TN-NIL,Nilgiris,21
2021-10-19,TN-NIL,Nilgiris,18
2021-10-20,TN-NIL,Nilgiris,19
2021-10-21,TN-NIL,Nilgiris,20
2021-10-22,TN-NIL,Nilgiris,22
2021-10-23,TN-NIL,Nilgiris,18
2021-10-24,TN-NIL,Nilgiris,20
2021-10-25,TN-NIL,Nilgiris,19
2021-10-26,TN-NIL,Nilgiris,18
2021-10-27,TN-NIL,Nilgiris,15
2021-10-28,TN-NIL,Nilgiris,17
2021-10-29,TN-NIL,Nilgiris,18
2021-10-30,TN-NIL,Nilgiris,17
2021-10-31,TN-NIL,Nilgiris,20
2021-08-01,TN-PER,Perambalur,0
2021-08-02,TN-PER,Perambalur,7
2021-08-03,TN-PER,Perambalur,10
2021-08-04,TN-PER,Perambalur,8
2021-08-05,TN-PER,Perambalur,11
2021-08-06,TN-PER,Perambalur,7
2021-08-07,TN-PER,Perambalur,8
2021-08-08,TN-PER,Perambalur,14
2021-08-09,TN-PER,Perambalur,8
2021-08-10,TN-PER,Perambalur,6
2021-08-11,TN-PER,Perambalur,10
2021-08-12,TN-PER,Perambalur,7
2021-08-13,TN-PER,Perambalur,6
2021-08-14,TN-PER,Perambalur,5
2021-08-15,TN-PER,Perambalur,7
2021-08-16,TN-PER,Perambalur,6
2021-08-17,TN-PER,Perambalur,7
2021-08-18,TN-PER,Perambalur,6
2021-08-19,TN-PER,Perambalur,7
2021-08-20,TN-PER,Perambalur,4
2021-08-21,TN-PER,Perambalur,6
2021-08-22,TN-PER,Perambalur,4
2021-08-23,TN-PER,Perambalur,5
2021-08-24,TN-PER,Perambalur,7
2021-08-25,TN-PER,Perambalur,5
2021-08-26,TN-PER,Perambalur,10
2021-08-27,TN-PER,Perambalur,6
2021-08-28,TN-PER,Perambalur,6
2021-08-29,TN-PER,Perambalur,10
2021-08-30,TN-PER,Perambalur,5
2021-08-31,TN-PER,Perambalur,9
2021-09-01,TN-PER,Perambalur,7
2021-09-02,TN-PER,Perambalur,7
2021-09-03,TN-PER,Perambalur,8
2021-09-04,TN-PER,Perambalur,5
2021-09-05,TN-PER,Perambalur,8
2021-09-06,TN-PER,Perambalur,11
2021-09-07,TN-PER,Perambalur,10
2021-09-08,TN-PER,Perambalur,9
2021-09-09,TN-PER,Perambalur,10
2021-09-10,TN-PER,Perambalur,7
2021-09-11,TN-PER,Perambalur,5
2021-09-12,TN-PER,Perambalur,7
2021-09-13,TN-PER,Perambalur,5
2021-09-14,TN-PER,Perambalur,7
2021-09-15,TN-PER,Perambalur,5
2021-09-16,TN-PER,Perambalur,8
2021-09-17,TN-PER,Perambalur,9
2021-09-18,TN-PER,Perambalur,10
2021-09-19,TN-PER,Perambalur,7
2021-09-20,TN-PER,Perambalur,6
2021-09-21,TN-PER,Perambalur,8
2021-09-22,TN-PER,Perambalur,4
2021-09-23,TN-PER,Perambalur,7
2021-09-24,TN-PER,Perambalur,9
2021-09-25,TN-PER,Perambalur,11
2021-09-26,TN-PER,Perambalur,7
2021-09-27,TN-PER,Perambalur,5
2021-09-28,TN-PER,Perambalur,9
2021-09-29,TN-PER,Perambalur,15
2021-09-30,TN-PER,Perambalur,9
2021-10-01,TN-PER,Perambalur,7
2021-10-02,TN-PER,Perambalur,8
2021-10-03,TN-PER,Perambalur,8
2021-10-04,TN-PER,Perambalur,5
2021-10-05,TN-PER,Perambalur,6
2021-10-06,TN-PER,Perambalur,5
2021-10-07,TN-PER,Perambalur,4
2021-10-08,TN-PER,Perambalur,3
2021-10-09,TN-PER,Perambalur,2
2021-10-10,TN-PER,Perambalur,4
2021-10-11,TN-PER,Perambalur,2
2021-10-12,TN-PER,Perambalur,7
2021-10-13,TN-PER,Perambalur,2
2021-10-14,TN-PER,Perambalur,4
2021-10-15,TN-PER,Perambalur,3
2021-10-16,TN-PER,Perambalur,2
2021-10-17,TN-PER,Perambalur,4
2021-10-18,TN-PER,Perambalur,4
2021-10-19,TN-PER,Perambalur,6
2021-10-20,TN-PER,Perambalur,3
2021-10-21,TN-PER,Perambalur,4
2021-10-22,TN-PER,Perambalur,3
2021-10-23,TN-PER,Perambalur,1
2021-10-24,TN-PER,Perambalur,2
2021-10-25,TN-PER,Perambalur,3
2021-10-26,TN-PER,Perambalur,4
2021-10-27,TN-PER,Perambalur,3
2021-10-28,TN-PER,Perambalur,4
2021-10-29,TN-PER,Perambalur,4
2021-10-30,TN-PER,Perambalur,6
2021-10-31,TN-PER,Perambalur,2
2021-08-01,TN-PUD,Pudukkottai,0
2021-08-02,TN-PUD,Pudukkottai,24
2021-08-03,TN-PUD,Pudukkottai,30
2021-08-04,TN-PUD,Pudukkottai,42
2021-08-05,TN-PUD,Pudukkottai,40
2021-08-06,TN-PUD,Pudukkottai,42
2021-08-07,TN-PUD,Pudukkottai,47
2021-08-08,TN-PUD,Pudukkottai,42
2021-08-09,TN-PUD,Pudukkottai,36
2021-08-10,TN-PUD,Pudukkottai,35
2021-08-11,TN-PUD,Pudukkottai,39
2021-08-12,TN-PUD,Pudukkottai,27
2021-08-13,TN-PUD,Pudukkottai,36
2021-08-14,TN-PUD,Pudukkottai,22
2021-08-15,TN-PUD,Pudukkottai,26
2021-08-16,TN-PUD,Pudukkottai,43
2021-08-17,TN-PUD,Pudukkottai,37
2021-08-18,TN-PUD,Pudukkottai,32
2021-08-19,TN-PUD,Pudukkottai,33
2021-08-20,TN-PUD,Pudukkottai,30
2021-08-21,TN-PUD,Pudukkottai,25
2021-08-22,TN-PUD,Pudukkottai,26
2021-08-23,TN-PUD,Pudukkottai,27
2021-08-24,TN-PUD,Pudukkottai,25
2021-08-25,TN-PUD,Pudukkottai,29
2021-08-26,TN-PUD,Pudukkottai,28
2021-08-27,TN-PUD,Pudukkottai,27
2021-08-28,TN-PUD,Pudukkottai,28
2021-08-29,TN-PUD,Pudukkottai,26
2021-08-30,TN-PUD,Pudukkottai,26
2021-08-31,TN-PUD,Pudukkottai,22
2021-09-01,TN-PUD,Pudukkottai,24
2021-09-02,TN-PUD,Pudukkottai,21
2021-09-03,TN-PUD,Pudukkottai,21
2021-09-04,TN-PUD,Pudukkottai,20
2021-09-05,TN-PUD,Pudukkottai,24
2021-09-06,TN-PUD,Pudukkottai,19
2021-09-07,TN-PUD,Pudukkottai,22
2021-09-08,TN-PUD,Pudukkottai,20
2021-09-09,TN-PUD,Pudukkottai,24
2021-09-10,TN-PUD,Pudukkottai,20
2021-09-11,TN-PUD,Pudukkottai,18
2021-09-12,TN-PUD,Pudukkottai,18
2021-09-13,TN-PUD,Pudukkottai,19
2021-09-14,TN-PUD,Pudukkottai,17
2021-09-15,TN-PUD,Pudukkottai,18
2021-09-16,TN-PUD,Pudukkottai,22
2021-09-17,TN-PUD,Pudukkottai,19
2021-09-18,TN-PUD,Pudukkottai,14
2021-09-19,TN-PUD,Pudukkottai,22
2021-09-20,TN-PUD,Pudukkottai,39
2021-09-21,TN-PUD,Pudukkottai,26
2021-09-22,TN-PUD,Pudukkottai,25
2021-09-23,TN-PUD,Pudukkottai,24
2021-09-24,TN-PUD,Pudukkottai,13
2021-09-25,TN-PUD,Pudukkottai,26
2021-09-26,TN-PUD,Pudukkottai,21
2021-09-27,TN-PUD,Pudukkottai,22
2021-09-28,TN-PUD,Pudukkottai,21
2021-09-29,TN-PUD,Pudukkottai,21
2021-09-30,TN-PUD,Pudukkottai,15
2021-10-01,TN-PUD,Pudukkottai,15
2021-10-02,TN-PUD,Pudukkottai,18
2021-10-03,TN-PUD,Pudukkottai,27
2021-10-04,TN-PUD,Pudukkottai,21
2021-10-05,TN-PUD,Pudukkottai,21
2021-10-06,TN-PUD,Pudukkottai,21
2021-10-07,TN-PUD,Pudukkottai,16
2021-10-08,TN-PUD,Pudukkottai,15
2021-10-09,TN-PUD,Pudukkottai,17
2021-10-10,TN-PUD,Pudukkottai,12
2021-10-11,TN-PUD,Pudukkottai,18
2021-10-12,TN-PUD,Pudukkottai,13
2021-10-13,TN-PUD,Pudukkottai,16
2021-10-14,TN-PUD,Pudukkottai,13
2021-10-15,TN-PUD,Pudukkottai,14
2021-10-16,TN-PUD,Pudukkottai,11
2021-10-17,TN-PUD,Pudukkottai,10
2021-10-18,TN-PUD,Pudukkottai,14
2021-10-19,TN-PUD,Pudukkottai,9
2021-10-20,TN-PUD,Pudukkottai,12
2021-10-21,TN-PUD,Pudukkottai,6
2021-10-22,TN-PUD,Pudukkottai,15
2021-10-23,TN-PUD,Pudukkottai,17
2021-10-24,TN-PUD,Pudukkottai,14
2021-10-25,TN-PUD,Pudukkottai,11
2021-10-26,TN-PUD,Pudukkottai,12
2021-10-27,TN-PUD,Pudukkottai,12
2021-10-28,TN-PUD,Pudukkottai,9
2021-10-29,TN-PUD,Pudukkottai,11
2021-10-30,TN-PUD,Pudukkottai,8
2021-10-31,TN-PUD,Pudukkottai,12
2021-08-01,TN-RAM,Ramanathapuram,0
2021-08-02,TN-RAM,Ramanathapuram,8
2021-08-03,TN-RAM,Ramanathapuram,6
2021-08-04,TN-RAM,Ramanathapuram,17
2021-08-05,TN-RAM,Ramanathapuram,9
2021-08-06,TN-RAM,Ramanathapuram,5
2021-08-07,TN-RAM,Ramanathapuram,2
2021-08-08,TN-RAM,Ramanathapuram,6
2021-08-09,TN-RAM,Ramanathapuram,4
2021-08-10,TN-RAM,Ramanathapuram,3
2021-08-11,TN-RAM,Ramanathapuram,6
2021-08-12,TN-RAM,Ramanathapuram,4
2021-08-13,TN-RAM,Ramanathapuram,6
2021-08-14,TN-RAM,Ramanathapuram,4
2021-08-15,TN-RAM,Ramanathapuram,5
2021-08-16,TN-RAM,Ramanathapuram,4
2021-08-17,TN-RAM,Ramanathapuram,5
2021-08-18,TN-RAM,Ramanathapuram,6
2021-08-19,TN-RAM,Ramanathapuram,3
2021-08-20,TN-RAM,Ramanathapuram,4
2021-08-21,TN-RAM,Ramanathapuram,3
2021-08-22,TN-RAM,Ramanathapuram,2
2021-08-23,TN-RAM,Ramanathapuram,3
2021-08-24,TN-RAM,Ramanathapuram,2
2021-08-25,TN-RAM,Ramanathapuram,7
2021-08-26,TN-RAM,Ramanathapuram,2
2021-08-27,TN-RAM,Ramanathapuram,5
2021-08-28,TN-RAM,Ramanathapuram,4
2021-08-29,TN-RAM,Ramanathapuram,5
2021-08-30,TN-RAM,Ramanathapuram,2
2021-08-31,TN-RAM,Ramanathapuram,2
2021-09-01,TN-RAM,Ramanathapuram,8
2021-09-02,TN-RAM,Ramanathapuram,2
2021-09-03,TN-RAM,Ramanathapuram,3
2021-09-04,TN-RAM,Ramanathapuram,4
2021-09-05,TN-RAM,Ramanathapuram,7
2021-09-06,TN-RAM,Ramanathapuram,9
2021-09-07,TN-RAM,Ramanathapuram,3
2021-09-08,TN-RAM,Ramanathapuram,6
2021-09-09,TN-RAM,Ramanathapuram,4
2021-09-10,TN-RAM,Ramanathapuram,2
2021-09-11,TN-RAM,Ramanathapuram,6
2021-09-12,TN-RAM,Ramanathapuram,1
2021-09-13,TN-RAM,Ramanathapuram,5
2021-09-14,TN-RAM,Ramanathapuram,2
2021-09-15,TN-RAM,Ramanathapuram,7
2021-09-16,TN-RAM,Ramanathapuram,11
2021-09-17,TN-RAM,Ramanathapuram,4
2021-09-18,TN-RAM,Ramanathapuram,7
2021-09-19,TN-RAM,Ramanathapuram,3
2021-09-20,TN-RAM,Ramanathapuram,5
2021-09-21,TN-RAM,Ramanathapuram,3
2021-09-22,TN-RAM,Ramanathapuram,2
2021-09-23,TN-RAM,Ramanathapuram,6
2021-09-24,TN-RAM,Ramanathapuram,4
2021-09-25,TN-RAM,Ramanathapuram,6
2021-09-26,TN-RAM,Ramanathapuram,5
2021-09-27,TN-RAM,Ramanathapuram,7
2021-09-28,TN-RAM,Ramanathapuram,6
2021-09-29,TN-RAM,Ramanathapuram,11
2021-09-30,TN-RAM,Ramanathapuram,10
2021-10-01,TN-RAM,Ramanathapuram,9
2021-10-02,TN-RAM,Ramanathapuram,8
2021-10-03,TN-RAM,Ramanathapuram,9
2021-10-04,TN-RAM,Ramanathapuram,8
2021-10-05,TN-RAM,Ramanathapuram,7
2021-10-06,TN-RAM,Ramanathapuram,10
2021-10-07,TN-RAM,Ramanathapuram,13
2021-10-08,TN-RAM,Ramanathapuram,12
2021-10-09,TN-RAM,Ramanathapuram,10
2021-10-10,TN-RAM,Ramanathapuram,10
2021-10-11,TN-RAM,Ramanathapuram,8
2021-10-12,TN-RAM,Ramanathapuram,7
2021-10-13,TN-RAM,Ramanathapuram,10
2021-10-14,TN-RAM,Ramanathapuram,9
2021-10-15,TN-RAM,Ramanathapuram,8
2021-10-16,TN-RAM,Ramanathapuram,9
2021-10-17,TN-RAM,Ramanathapuram,8
2021-10-18,TN-RAM,Ramanathapuram,9
2021-10-19,TN-RAM,Ramanathapuram,8
2021-10-20,TN-RAM,Ramanathapuram,9
2021-10-21,TN-RAM,Ramanathapuram,5
2021-10-22,TN-RAM,Ramanathapuram,2
2021-10-23,TN-RAM,Ramanathapuram,2
2021-10-24,TN-RAM,Ramanathapuram,2
2021-10-25,TN-RAM,Ramanathapuram,4
2021-10-26,TN-RAM,Ramanathapuram,2
2021-10-27,TN-RAM,Ramanathapuram,7
2021-10-28,TN-RAM,Ramanathapuram,4
2021-10-29,TN-RAM,Ramanathapuram,3
2021-10-30,TN-RAM,Ramanathapuram,2
2021-10-31,TN-RAM,Ramanathapuram,3
2021-08-01,TN-RAN,Ranipet,0
2021-08-02,TN-RAN,Ranipet,16
2021-08-03,TN-RAN,Ranipet,15
2021-08-04,TN-RAN,Ranipet,15
2021-08-05,TN-RAN,Ranipet,23
2021-08-06,TN-RAN,Ranipet,16
2021-08-07,TN-RAN,Ranipet,20
2021-08-08,TN-RAN,Ranipet,16
2021-08-09,TN-RAN,Ranipet,16
2021-08-10,TN-RAN,Ranipet,28
2021-08-11,TN-RAN,Ranipet,22
2021-08-12,TN-RAN,Ranipet,20
2021-08-13,TN-RAN,Ranipet,17
2021-08-14,TN-RAN,Ranipet,23
2021-08-15,TN-RAN,Ranipet,23
2021-08-16,TN-RAN,Ranipet,23
2021-08-17,TN-RAN,Ranipet,22
2021-08-18,TN-RAN,Ranipet,21
2021-08-19,TN-RAN,Ranipet,26
2021-08-20,TN-RAN,Ranipet,22
2021-08-21,TN-RAN,Ranipet,21
2021-08-22,TN-RAN,Ranipet,18
2021-08-23,TN-RAN,Ranipet,24
2021-08-24,TN-RAN,Ranipet,18
2021-08-25,TN-RAN,Ranipet,20
2021-08-26,TN-RAN,Ranipet,15
2021-08-27,TN-RAN,Ranipet,16
2021-08-28,TN-RAN,Ranipet,18
2021-08-29,TN-RAN,Ranipet,15
2021-08-30,TN-RAN,Ranipet,15
2021-08-31,TN-RAN,Ranipet,14
2021-09-01,TN-RAN,Ranipet,18
2021-09-02,TN-RAN,Ranipet,12
2021-09-03,TN-RAN,Ranipet,11
2021-09-04,TN-RAN,Ranipet,13
2021-09-05,TN-RAN,Ranipet,18
2021-09-06,TN-RAN,Ranipet,19
2021-09-07,TN-RAN,Ranipet,18
2021-09-08,TN-RAN,Ranipet,14
2021-09-09,TN-RAN,Ranipet,20
2021-09-10,TN-RAN,Ranipet,19
2021-09-11,TN-RAN,Ranipet,19
2021-09-12,TN-RAN,Ranipet,15
2021-09-13,TN-RAN,Ranipet,13
2021-09-14,TN-RAN,Ranipet,12
2021-09-15,TN-RAN,Ranipet,18
2021-09-16,TN-RAN,Ranipet,15
2021-09-17,TN-RAN,Ranipet,14
2021-09-18,TN-RAN,Ranipet,13
2021-09-19,TN-RAN,Ranipet,19
2021-09-20,TN-RAN,Ranipet,14
2021-09-21,TN-RAN,Ranipet,21
2021-09-22,TN-RAN,Ranipet,16
2021-09-23,TN-RAN,Ranipet,13
2021-09-24,TN-RAN,Ranipet,11
2021-09-25,TN-RAN,Ranipet,25
2021-09-26,TN-RAN,Ranipet,19
2021-09-27,TN-RAN,Ranipet,14
2021-09-28,TN-RAN,Ranipet,19
2021-09-29,TN-RAN,Ranipet,16
2021-09-30,TN-RAN,Ranipet,18
2021-10-01,TN-RAN,Ranipet,14
2021-10-02,TN-RAN,Ranipet,21
2021-10-03,TN-RAN,Ranipet,19
2021-10-04,TN-RAN,Ranipet,17
2021-10-05,TN-RAN,Ranipet,13
2021-10-06,TN-RAN,Ranipet,13
2021-10-07,TN-RAN,Ranipet,13
2021-10-08,TN-RAN,Ranipet,19
2021-10-09,TN-RAN,Ranipet,16
2021-10-10,TN-RAN,Ranipet,14
2021-10-11,TN-RAN,Ranipet,13
2021-10-12,TN-RAN,Ranipet,11
2021-10-13,TN-RAN,Ranipet,14
2021-10-14,TN-RAN,Ranipet,9
2021-10-15,TN-RAN,Ranipet,10
2021-10-16,TN-RAN,Ranipet,16
2021-10-17,TN-RAN,Ranipet,12
2021-10-18,TN-RAN,Ranipet,14
2021-10-19,TN-RAN,Ranipet,14
2021-10-20,TN-RAN,Ranipet,11
2021-10-21,TN-RAN,Ranipet,13
2021-10-22,TN-RAN,Ranipet,11
2021-10-23,TN-RAN,Ranipet,8
2021-10-24,TN-RAN,Ranipet,6
2021-10-25,TN-RAN,Ranipet,8
2021-10-26,TN-RAN,Ranipet,6
2021-10-27,TN-RAN,Ranipet,8
2021-10-28,TN-RAN,Ranipet,12
2021-10-29,TN-RAN,Ranipet,11
2021-10-30,TN-RAN,Ranipet,10
2021-10-31,TN-RAN,Ranipet,14
2021-08-01,TN-SAL,Salem,0
2021-08-02,TN-SAL,Salem,84
2021-08-03,TN-SAL,Salem,81
2021-08-04,TN-SAL,Salem,84
2021-08-05,TN-SAL,Salem,77
2021-08-06,TN-SAL,Salem,71
2021-08-07,TN-SAL,Salem,94
2021-08-08,TN-SAL,Salem,90
2021-08-09,TN-SAL,Salem,86
2021-08-10,TN-SAL,Salem,97
2021-08-11,TN-SAL,Salem,86
2021-08-12,TN-SAL,Salem,99
2021-08-13,TN-SAL,Salem,124
2021-08-14,TN-SAL,Salem,137
2021-08-15,TN-SAL,Salem,129
2021-08-16,TN-SAL,Salem,129
2021-08-17,TN-SAL,Salem,119
2021-08-18,TN-SAL,Salem,106
2021-08-19,TN-SAL,Salem,96
2021-08-20,TN-SAL,Salem,85
2021-08-21,TN-SAL,Salem,87
2021-08-22,TN-SAL,Salem,82
2021-08-23,TN-SAL,Salem,85
2021-08-24,TN-SAL,Salem,82
2021-08-25,TN-SAL,Salem,75
2021-08-26,TN-SAL,Salem,72
2021-08-27,TN-SAL,Salem,70
2021-08-28,TN-SAL,Salem,62
2021-08-29,TN-SAL,Salem,57
2021-08-30,TN-SAL,Salem,54
2021-08-31,TN-SAL,Salem,51
2021-09-01,TN-SAL,Salem,59
2021-09-02,TN-SAL,Salem,61
2021-09-03,TN-SAL,Salem,59
2021-09-04,TN-SAL,Salem,59
2021-09-05,TN-SAL,Salem,56
2021-09-06,TN-SAL,Salem,59
2021-09-07,TN-SAL,Salem,60
2021-09-08,TN-SAL,Salem,54
2021-09-09,TN-SAL,Salem,59
2021-09-10,TN-SAL,Salem,69
2021-09-11,TN-SAL,Salem,57
2021-09-12,TN-SAL,Salem,58
2021-09-13,TN-SAL,Salem,56
2021-09-14,TN-SAL,Salem,52
2021-09-15,TN-SAL,Salem,65
2021-09-16,TN-SAL,Salem,71
2021-09-17,TN-SAL,Salem,68
2021-09-18,TN-SAL,Salem,71
2021-09-19,TN-SAL,Salem,70
2021-09-20,TN-SAL,Salem,72
2021-09-21,TN-SAL,Salem,79
2021-09-22,TN-SAL,Salem,101
2021-09-23,TN-SAL,Salem,90
2021-09-24,TN-SAL,Salem,87
2021-09-25,TN-SAL,Salem,70
2021-09-26,TN-SAL,Salem,68
2021-09-27,TN-SAL,Salem,66
2021-09-28,TN-SAL,Salem,70
2021-09-29,TN-SAL,Salem,64
2021-09-30,TN-SAL,Salem,61
2021-10-01,TN-SAL,Salem,56
2021-10-02,TN-SAL,Salem,60
2021-10-03,TN-SAL,Salem,55
2021-10-04,TN-SAL,Salem,52
2021-10-05,TN-SAL,Salem,53
2021-10-06,TN-SAL,Salem,50
2021-10-07,TN-SAL,Salem,48
2021-10-08,TN-SAL,Salem,46
2021-10-09,TN-SAL,Salem,59
2021-10-10,TN-SAL,Salem,55
2021-10-11,TN-SAL,Salem,57
2021-10-12,TN-SAL,Salem,56
2021-10-13,TN-SAL,Salem,59
2021-10-14,TN-SAL,Salem,56
2021-10-15,TN-SAL,Salem,52
2021-10-16,TN-SAL,Salem,59
2021-10-17,TN-SAL,Salem,56
2021-10-18,TN-SAL,Salem,56
2021-10-19,TN-SAL,Salem,60
2021-10-20,TN-SAL,Salem,62
2021-10-21,TN-SAL,Salem,64
2021-10-22,TN-SAL,Salem,60
2021-10-23,TN-SAL,Salem,56
2021-10-24,TN-SAL,Salem,59
2021-10-25,TN-SAL,Salem,60
2021-10-26,TN-SAL,Salem,62
2021-10-27,TN-SAL,Salem,59
2021-10-28,TN-SAL,Salem,62
2021-10-29,TN-SAL,Salem,62
2021-10-30,TN-SAL,Salem,60
2021-10-31,TN-SAL,Salem,62
2021-08-01,TN-SIV,Sivaganga,0
2021-08-02,TN-SIV,Sivaganga,24
2021-08-03,TN-SIV,Sivaganga,26
2021-08-04,TN-SIV,Sivaganga,18
2021-08-05,TN-SIV,Sivaganga,22
2021-08-06,TN-SIV,Sivaganga,26
2021-08-07,TN-SIV,Sivaganga,16
2021-08-08,TN-SIV,Sivaganga,19
2021-08-09,TN-SIV,Sivaganga,17
2021-08-10,TN-SIV,Sivaganga,21
2021-08-11,TN-SIV,Sivaganga,21
2021-08-12,TN-SIV,Sivaganga,19
2021-08-13,TN-SIV,Sivaganga,15
2021-08-14,TN-SIV,Sivaganga,21
2021-08-15,TN-SIV,Sivaganga,25
2021-08-16,TN-SIV,Sivaganga,19
2021-08-17,TN-SIV,Sivaganga,19
2021-08-18,TN-SIV,Sivaganga,20
2021-08-19,TN-SIV,Sivaganga,16
2021-08-20,TN-SIV,Sivaganga,19
2021-08-21,TN-SIV,Sivaganga,22
2021-08-22,TN-SIV,Sivaganga,19
2021-08-23,TN-SIV,Sivaganga,18
2021-08-24,TN-SIV,Sivaganga,16
2021-08-25,TN-SIV,Sivaganga,22
2021-08-26,TN-SIV,Sivaganga,16
2021-08-27,TN-SIV,Sivaganga,17
2021-08-28,TN-SIV,Sivaganga,16
2021-08-29,TN-SIV,Sivaganga,15
2021-08-30,TN-SIV,Sivaganga,11
2021-08-31,TN-SIV,Sivaganga,12
2021-09-01,TN-SIV,Sivaganga,12
2021-09-02,TN-SIV,Sivaganga,16
2021-09-03,TN-SIV,Sivaganga,11
2021-09-04,TN-SIV,Sivaganga,22
2021-09-05,TN-SIV,Sivaganga,14
2021-09-06,TN-SIV,Sivaganga,10
2021-09-07,TN-SIV,Sivaganga,20
2021-09-08,TN-SIV,Sivaganga,18
2021-09-09,TN-SIV,Sivaganga,10
2021-09-10,TN-SIV,Sivaganga,16
2021-09-11,TN-SIV,Sivaganga,29
2021-09-12,TN-SIV,Sivaganga,19
2021-09-13,TN-SIV,Sivaganga,15
2021-09-14,TN-SIV,Sivaganga,19
2021-09-15,TN-SIV,Sivaganga,12
2021-09-16,TN-SIV,Sivaganga,9
2021-09-17,TN-SIV,Sivaganga,10
2021-09-18,TN-SIV,Sivaganga,14
2021-09-19,TN-SIV,Sivaganga,13
2021-09-20,TN-SIV,Sivaganga,8
2021-09-21,TN-SIV,Sivaganga,20
2021-09-22,TN-SIV,Sivaganga,16
2021-09-23,TN-SIV,Sivaganga,16
2021-09-24,TN-SIV,Sivaganga,20
2021-09-25,TN-SIV,Sivaganga,20
2021-09-26,TN-SIV,Sivaganga,17
2021-09-27,TN-SIV,Sivaganga,18
2021-09-28,TN-SIV,Sivaganga,17
2021-09-29,TN-SIV,Sivaganga,15
2021-09-30,TN-SIV,Sivaganga,13
2021-10-01,TN-SIV,Sivaganga,15
2021-10-02,TN-SIV,Sivaganga,12
2021-10-03,TN-SIV,Sivaganga,15
2021-10-04,TN-SIV,Sivaganga,11
2021-10-05,TN-SIV,Sivaganga,11
2021-10-06,TN-SIV,Sivaganga,9
2021-10-07,TN-SIV,Sivaganga,8
2021-10-08,TN-SIV,Sivaganga,15
2021-10-09,TN-SIV,Sivaganga,9
2021-10-10,TN-SIV,Sivaganga,11
2021-10-11,TN-SIV,Sivaganga,8
2021-10-12,TN-SIV,Sivaganga,11
2021-10-13,TN-SIV,Sivaganga,8
2021-10-14,TN-SIV,Sivaganga,14
2021-10-15,TN-SIV,Sivaganga,13
2021-10-16,TN-SIV,Sivaganga,10
2021-10-17,TN-SIV,Sivaganga,11
2021-10-18,TN-SIV,Sivaganga,11
2021-10-19,TN-SIV,Sivaganga,10
2021-10-20,TN-SIV,Sivaganga,11
2021-10-21,TN-SIV,Sivaganga,16
2021-10-22,TN-SIV,Sivaganga,13
2021-10-23,TN-SIV,Sivaganga,5
2021-10-24,TN-SIV,Sivaganga,8
2021-10-25,TN-SIV,Sivaganga,9
2021-10-26,TN-SIV,Sivaganga,12
2021-10-27,TN-SIV,Sivaganga,14
2021-10-28,TN-SIV,Sivaganga,10
2021-10-29,TN-SIV,Sivaganga,13
2021-10-30,TN-SIV,Sivaganga,11
2021-10-31,TN-SIV,Sivaganga,13
2021-08-01,TN-TEN,Tenkasi,0
2021-08-02,TN-TEN,Tenkasi,7
2021-08-03,TN-TEN,Tenkasi,8
2021-08-04,TN-TEN,Tenkasi,9
2021-08-05,TN-TEN,Tenkasi,8
2021-08-06,TN-TEN,Tenkasi,5
2021-08-07,TN-TEN,Tenkasi,6
2021-08-08,TN-TEN,Tenkasi,4
2021-08-09,TN-TEN,Tenkasi,6
2021-08-10,TN-TEN,Tenkasi,5
2021-08-11,TN-TEN,Tenkasi,9
2021-08-12,TN-TEN,Tenkasi,7
2021-08-13,TN-TEN,Tenkasi,9
2021-08-14,TN-TEN,Tenkasi,0
2021-08-15,TN-TEN,Tenkasi,7
2021-08-16,TN-TEN,Tenkasi,9
2021-08-17,TN-TEN,Tenkasi,5
2021-08-18,TN-TEN,Tenkasi,7
2021-08-19,TN-TEN,Tenkasi,7
2021-08-20,TN-TEN,Tenkasi,9
2021-08-21,TN-TEN,Tenkasi,8
2021-08-22,TN-TEN,Tenkasi,6
2021-08-23,TN-TEN,Tenkasi,2
2021-08-24,TN-TEN,Tenkasi,5
2021-08-25,TN-TEN,Tenkasi,9
2021-08-26,TN-TEN,Tenkasi,10
2021-08-27,TN-TEN,Tenkasi,11
2021-08-28,TN-TEN,Tenkasi,10
2021-08-29,TN-TEN,Tenkasi,19
2021-08-30,TN-TEN,Tenkasi,13
2021-08-31,TN-TEN,Tenkasi,13
2021-09-01,TN-TEN,Tenkasi,11
2021-09-02,TN-TEN,Tenkasi,7
2021-09-03,TN-TEN,Tenkasi,5
2021-09-04,TN-TEN,Tenkasi,3
2021-09-05,TN-TEN,Tenkasi,9
2021-09-06,TN-TEN,Tenkasi,10
2021-09-07,TN-TEN,Tenkasi,5
2021-09-08,TN-TEN,Tenkasi,6
2021-09-09,TN-TEN,Tenkasi,5
2021-09-10,TN-TEN,Tenkasi,4
2021-09-11,TN-TEN,Tenkasi,8
2021-09-12,TN-TEN,Tenkasi,9
2021-09-13,TN-TEN,Tenkasi,15
2021-09-14,TN-TEN,Tenkasi,5
2021-09-15,TN-TEN,Tenkasi,8
2021-09-16,TN-TEN,Tenkasi,10
2021-09-17,TN-TEN,Tenkasi,7
2021-09-18,TN-TEN,Tenkasi,3
2021-09-19,TN-TEN,Tenkasi,7
2021-09-20,TN-TEN,Tenkasi,6
2021-09-21,TN-TEN,Tenkasi,3
2021-09-22,TN-TEN,Tenkasi,5
2021-09-23,TN-TEN,Tenkasi,6
2021-09-24,TN-TEN,Tenkasi,4
2021-09-25,TN-TEN,Tenkasi,4
2021-09-26,TN-TEN,Tenkasi,4
2021-09-27,TN-TEN,Tenkasi,5
2021-09-28,TN-TEN,Tenkasi,7
2021-09-29,TN-TEN,Tenkasi,2
2021-09-30,TN-TEN,Tenkasi,5
2021-10-01,TN-TEN,Tenkasi,3
2021-10-02,TN-TEN,Tenkasi,2
2021-10-03,TN-TEN,Tenkasi,1
2021-10-04,TN-TEN,Tenkasi,2
2021-10-05,TN-TEN,Tenkasi,3
2021-10-06,TN-TEN,Tenkasi,5
2021-10-07,TN-TEN,Tenkasi,1
2021-10-08,TN-TEN,Tenkasi,1
2021-10-09,TN-TEN,Tenkasi,3
2021-10-10,TN-TEN,Tenkasi,2
2021-10-11,TN-TEN,Tenkasi,1
2021-10-12,TN-TEN,Tenkasi,1
2021-10-13,TN-TEN,Tenkasi,2
2021-10-14,TN-TEN,Tenkasi,1
2021-10-15,TN-TEN,Tenkasi,4
2021-10-16,TN-TEN,Tenkasi,2
2021-10-17,TN-TEN,Tenkasi,2
2021-10-18,TN-TEN,Tenkasi,0
2021-10-19,TN-TEN,Tenkasi,4
2021-10-20,TN-TEN,Tenkasi,3
2021-10-21,TN-TEN,Tenkasi,5
2021-10-22,TN-TEN,Tenkasi,0
2021-10-23,TN-TEN,Tenkasi,1
2021-10-24,TN-TEN,Tenkasi,2
2021-10-25,TN-TEN,Tenkasi,5
2021-10-26,TN-TEN,Tenkasi,6
2021-10-27,TN-TEN,Tenkasi,4
2021-10-28,TN-TEN,Tenkasi,1
2021-10-29,TN-TEN,Tenkasi,2
2021-10-30,TN-TEN,Tenkasi,3
2021-10-31,TN-TEN,Tenkasi,4
2021-08-01,TN-THA,Thanjavur,0
2021-08-02,TN-THA,Thanjavur,121
2021-08-03,TN-THA,Thanjavur,116
2021-08-04,TN-THA,Thanjavur,102
2021-08-05,TN-THA,Thanjavur,114
2021-08-06,TN-THA,Thanjavur,93
2021-08-07,TN-THA,Thanjavur,99
2021-08-08,TN-THA,Thanjavur,86
2021-08-09,TN-THA,Thanjavur,90
2021-08-10,TN-THA,Thanjavur,93
2021-08-11,TN-THA,Thanjavur,77
2021-08-12,TN-THA,Thanjavur,100
2021-08-13,TN-THA,Thanjavur,117
2021-08-14,TN-THA,Thanjavur,110
2021-08-15,TN-THA,Thanjavur,106
2021-08-16,TN-THA,Thanjavur,123
2021-08-17,TN-THA,Thanjavur,115
2021-08-18,TN-THA,Thanjavur,106
2021-08-19,TN-THA,Thanjavur,96
2021-08-20,TN-THA,Thanjavur,92
2021-08-21,TN-THA,Thanjavur,90
2021-08-22,TN-THA,Thanjavur,108
2021-08-23,TN-THA,Thanjavur,103
2021-08-24,TN-THA,Thanjavur,90
2021-08-25,TN-THA,Thanjavur,84
2021-08-26,TN-THA,Thanjavur,61
2021-08-27,TN-THA,Thanjavur,59
2021-08-28,TN-THA,Thanjavur,75
2021-08-29,TN-THA,Thanjavur,79
2021-08-30,TN-THA,Thanjavur,81
2021-08-31,TN-THA,Thanjavur,97
2021-09-01,TN-THA,Thanjavur,63
2021-09-02,TN-THA,Thanjavur,110
2021-09-03,TN-THA,Thanjavur,97
2021-09-04,TN-THA,Thanjavur,92
2021-09-05,TN-THA,Thanjavur,64
2021-09-06,TN-THA,Thanjavur,97
2021-09-07,TN-THA,Thanjavur,47
2021-09-08,TN-THA,Thanjavur,78
2021-09-09,TN-THA,Thanjavur,89
2021-09-10,TN-THA,Thanjavur,69
2021-09-11,TN-THA,Thanjavur,113
2021-09-12,TN-THA,Thanjavur,113
2021-09-13,TN-THA,Thanjavur,103
2021-09-14,TN-THA,Thanjavur,119
2021-09-15,TN-THA,Thanjavur,65
2021-09-16,TN-THA,Thanjavur,105
2021-09-17,TN-THA,Thanjavur,113
2021-09-18,TN-THA,Thanjavur,93
2021-09-19,TN-THA,Thanjavur,90
2021-09-20,TN-THA,Thanjavur,83
2021-09-21,TN-THA,Thanjavur,74
2021-09-22,TN-THA,Thanjavur,60
2021-09-23,TN-THA,Thanjavur,89
2021-09-24,TN-THA,Thanjavur,58
2021-09-25,TN-THA,Thanjavur,65
2021-09-26,TN-THA,Thanjavur,77
2021-09-27,TN-THA,Thanjavur,88
2021-09-28,TN-THA,Thanjavur,88
2021-09-29,TN-THA,Thanjavur,80
2021-09-30,TN-THA,Thanjavur,95
2021-10-01,TN-THA,Thanjavur,100
2021-10-02,TN-THA,Thanjavur,99
2021-10-03,TN-THA,Thanjavur,87
2021-10-04,TN-THA,Thanjavur,88
2021-10-05,TN-THA,Thanjavur,80
2021-10-06,TN-THA,Thanjavur,78
2021-10-07,TN-THA,Thanjavur,78
2021-10-08,TN-THA,Thanjavur,70
2021-10-09,TN-THA,Thanjavur,74
2021-10-10,TN-THA,Thanjavur,61
2021-10-11,TN-THA,Thanjavur,54
2021-10-12,TN-THA,Thanjavur,58
2021-10-13,TN-THA,Thanjavur,54
2021-10-14,TN-THA,Thanjavur,63
2021-10-15,TN-THA,Thanjavur,57
2021-10-16,TN-THA,Thanjavur,72
2021-10-17,TN-THA,Thanjavur,68
2021-10-18,TN-THA,Thanjavur,40
2021-10-19,TN-THA,Thanjavur,60
2021-10-20,TN-THA,Thanjavur,44
2021-10-21,TN-THA,Thanjavur,58
2021-10-22,TN-THA,Thanjavur,51
2021-10-23,TN-THA,Thanjavur,53
2021-10-24,TN-THA,Thanjavur,54
2021-10-25,TN-THA,Thanjavur,49
2021-10-26,TN-THA,Thanjavur,49
2021-10-27,TN-THA,Thanjavur,47
2021-10-28,TN-THA,Thanjavur,44
2021-10-29,TN-THA,Thanjavur,42
2021-10-30,TN-THA,Thanjavur,42
2021-10-31,TN-THA,Thanjavur,37
2021-08-01,TN-THE,Theni,0
2021-08-02,TN-THE,Theni,15
2021-08-03,TN-THE,Theni,10
2021-08-04,TN-THE,Theni,8
2021-08-05,TN-THE,Theni,11
2021-08-06,TN-THE,Theni,8
2021-08-07,TN-THE,Theni,11
2021-08-08,TN-THE,Theni,8
2021-08-09,TN-THE,Theni,8
2021-08-10,TN-THE,Theni,9
2021-08-11,TN-THE,Theni,13
2021-08-12,TN-THE,Theni,9
2021-08-13,TN-THE,Theni,11
2021-08-14,TN-THE,Theni,12
2021-08-15,TN-THE,Theni,10
2021-08-16,TN-THE,Theni,6
2021-08-17,TN-THE,Theni,10
2021-08-18,TN-THE,Theni,11
2021-08-19,TN-THE,Theni,9
2021-08-20,TN-THE,Theni,6
2021-08-21,TN-THE,Theni,5
2021-08-22,TN-THE,Theni,9
2021-08-23,TN-THE,Theni,4
2021-08-24,TN-THE,Theni,14
2021-08-25,TN-THE,Theni,14
2021-08-26,TN-THE,Theni,9
2021-08-27,TN-THE,Theni,7
2021-08-28,TN-THE,Theni,8
2021-08-29,TN-THE,Theni,6
2021-08-30,TN-THE,Theni,2
2021-08-31,TN-THE,Theni,5
2021-09-01,TN-THE,Theni,4
2021-09-02,TN-THE,Theni,3
2021-09-03,TN-THE,Theni,9
2021-09-04,TN-THE,Theni,8
2021-09-05,TN-THE,Theni,8
2021-09-06,TN-THE,Theni,3
2021-09-07,TN-THE,Theni,4
2021-09-08,TN-THE,Theni,3
2021-09-09,TN-THE,Theni,8
2021-09-10,TN-THE,Theni,6
2021-09-11,TN-THE,Theni,7
2021-09-12,TN-THE,Theni,11
2021-09-13,TN-THE,Theni,7
2021-09-14,TN-THE,Theni,9
2021-09-15,TN-THE,Theni,5
2021-09-16,TN-THE,Theni,6
2021-09-17,TN-THE,Theni,8
2021-09-18,TN-THE,Theni,12
2021-09-19,TN-THE,Theni,8
2021-09-20,TN-THE,Theni,9
2021-09-21,TN-THE,Theni,6
2021-09-22,TN-THE,Theni,5
2021-09-23,TN-THE,Theni,7
2021-09-24,TN-THE,Theni,7
2021-09-25,TN-THE,Theni,11
2021-09-26,TN-THE,Theni,10
2021-09-27,TN-THE,Theni,6
2021-09-28,TN-THE,Theni,8
2021-09-29,TN-THE,Theni,10
2021-09-30,TN-THE,Theni,7
2021-10-01,TN-THE,Theni,8
2021-10-02,TN-THE,Theni,8
2021-10-03,TN-THE,Theni,7
2021-10-04,TN-THE,Theni,7
2021-10-05,TN-THE,Theni,10
2021-10-06,TN-THE,Theni,9
2021-10-07,TN-THE,Theni,6
2021-10-08,TN-THE,Theni,6
2021-10-09,TN-THE,Theni,12
2021-10-10,TN-THE,Theni,8
2021-10-11,TN-THE,Theni,7
2021-10-12,TN-THE,Theni,6
2021-10-13,TN-THE,Theni,5
2021-10-14,TN-THE,Theni,3
2021-10-15,TN-THE,Theni,2
2021-10-16,TN-THE,Theni,3
2021-10-17,TN-THE,Theni,4
2021-10-18,TN-THE,Theni,3
2021-10-19,TN-THE,Theni,6
2021-10-20,TN-THE,Theni,3
2021-10-21,TN-THE,Theni,5
2021-10-22,TN-THE,Theni,3
2021-10-23,TN-THE,Theni,3
2021-10-24,TN-THE,Theni,2
2021-10-25,TN-THE,Theni,2
2021-10-26,TN-THE,Theni,3
2021-10-27,TN-THE,Theni,2
2021-10-28,TN-THE,Theni,1
2021-10-29,TN-THE,Theni,1
2021-10-30,TN-THE,Theni,5
2021-10-31,TN-THE,Theni,1
2021-08-01,TN-THI,Thiruvallur,0
2021-08-02,TN-THI,Thiruvallur,87
2021-08-03,TN-THI,Thiruvallur,85
2021-08-04,TN-THI,Thiruvallur,101
2021-08-05,TN-THI,Thiruvallur,102
2021-08-06,TN-THI,Thiruvallur,99
2021-08-07,TN-THI,Thiruvallur,94
2021-08-08,TN-THI,Thiruvallur,93
2021-08-09,TN-THI,Thiruvallur,84
2021-08-10,TN-THI,Thiruvallur,81
2021-08-11,TN-THI,Thiruvallur,100
2021-08-12,TN-THI,Thiruvallur,80
2021-08-13,TN-THI,Thiruvallur,73
2021-08-14,TN-THI,Thiruvallur,70
2021-08-15,TN-THI,Thiruvallur,75
2021-08-16,TN-THI,Thiruvallur,63
2021-08-17,TN-THI,Thiruvallur,69
2021-08-18,TN-THI,Thiruvallur,68
2021-08-19,TN-THI,Thiruvallur,65
2021-08-20,TN-THI,Thiruvallur,58
2021-08-21,TN-THI,Thiruvallur,60
2021-08-22,TN-THI,Thiruvallur,65
2021-08-23,TN-THI,Thiruvallur,66
2021-08-24,TN-THI,Thiruvallur,61
2021-08-25,TN-THI,Thiruvallur,69
2021-08-26,TN-THI,Thiruvallur,73
2021-08-27,TN-THI,Thiruvallur,72
2021-08-28,TN-THI,Thiruvallur,73
2021-08-29,TN-THI,Thiruvallur,66
2021-08-30,TN-THI,Thiruvallur,64
2021-08-31,TN-THI,Thiruvallur,63
2021-09-01,TN-THI,Thiruvallur,55
2021-09-02,TN-THI,Thiruvallur,76
2021-09-03,TN-THI,Thiruvallur,66
2021-09-04,TN-THI,Thiruvallur,79
2021-09-05,TN-THI,Thiruvallur,79
2021-09-06,TN-THI,Thiruvallur,67
2021-09-07,TN-THI,Thiruvallur,70
2021-09-08,TN-THI,Thiruvallur,51
2021-09-09,TN-THI,Thiruvallur,49
2021-09-10,TN-THI,Thiruvallur,58
2021-09-11,TN-THI,Thiruvallur,57
2021-09-12,TN-THI,Thiruvallur,74
2021-09-13,TN-THI,Thiruvallur,66
2021-09-14,TN-THI,Thiruvallur,66
2021-09-15,TN-THI,Thiruvallur,63
2021-09-16,TN-THI,Thiruvallur,63
2021-09-17,TN-THI,Thiruvallur,57
2021-09-18,TN-THI,Thiruvallur,56
2021-09-19,TN-THI,Thiruvallur,66
2021-09-20,TN-THI,Thiruvallur,62
2021-09-21,TN-THI,Thiruvallur,61
2021-09-22,TN-THI,Thiruvallur,58
2021-09-23,TN-THI,Thiruvallur,80
2021-09-24,TN-THI,Thiruvallur,67
2021-09-25,TN-THI,Thiruvallur,81
2021-09-26,TN-THI,Thiruvallur,73
2021-09-27,TN-THI,Thiruvallur,68
2021-09-28,TN-THI,Thiruvallur,69
2021-09-29,TN-THI,Thiruvallur,70
2021-09-30,TN-THI,Thiruvallur,68
2021-10-01,TN-THI,Thiruvallur,64
2021-10-02,TN-THI,Thiruvallur,56
2021-10-03,TN-THI,Thiruvallur,63
2021-10-04,TN-THI,Thiruvallur,53
2021-10-05,TN-THI,Thiruvallur,62
2021-10-06,TN-THI,Thiruvallur,56
2021-10-07,TN-THI,Thiruvallur,54
2021-10-08,TN-THI,Thiruvallur,59
2021-10-09,TN-THI,Thiruvallur,53
2021-10-10,TN-THI,Thiruvallur,54
2021-10-11,TN-THI,Thiruvallur,59
2021-10-12,TN-THI,Thiruvallur,66
2021-10-13,TN-THI,Thiruvallur,64
2021-10-14,TN-THI,Thiruvallur,61
2021-10-15,TN-THI,Thiruvallur,55
2021-10-16,TN-THI,Thiruvallur,61
2021-10-17,TN-THI,Thiruvallur,55
2021-10-18,TN-THI,Thiruvallur,57
2021-10-19,TN-THI,Thiruvallur,52
2021-10-20,TN-THI,Thiruvallur,52
2021-10-21,TN-THI,Thiruvallur,47
2021-10-22,TN-THI,Thiruvallur,47
2021-10-23,TN-THI,Thiruvallur,37
2021-10-24,TN-THI,Thiruvallur,42
2021-10-25,TN-THI,Thiruvallur,38
2021-10-26,TN-THI,Thiruvallur,41
2021-10-27,TN-THI,Thiruvallur,38
2021-10-28,TN-THI,Thiruvallur,36
2021-10-29,TN-THI,Thiruvallur,38
2021-10-30,TN-THI,Thiruvallur,33
2021-10-31,TN-THI,Thiruvallur,28
2021-08-01,TN-THI,Thiruvarur,0
2021-08-02,TN-THI,Thiruvarur,43
2021-08-03,TN-THI,Thiruvarur,31
2021-08-04,TN-THI,Thiruvarur,53
2021-08-05,TN-THI,Thiruvarur,41
2021-08-06,TN-THI,Thiruvarur,48
2021-08-07,TN-THI,Thiruvarur,45
2021-08-08,TN-THI,Thiruvarur,52
2021-08-09,TN-THI,Thiruvarur,53
2021-08-10,TN-THI,Thiruvarur,43
2021-08-11,TN-THI,Thiruvarur,40
2021-08-12,TN-THI,Thiruvarur,45
2021-08-13,TN-THI,Thiruvarur,34
2021-08-14,TN-THI,Thiruvarur,43
2021-08-15,TN-THI,Thiruvarur,36
2021-08-16,TN-THI,Thiruvarur,37
2021-08-17,TN-THI,Thiruvarur,34
2021-08-18,TN-THI,Thiruvarur,42
2021-08-19,TN-THI,Thiruvarur,32
2021-08-20,TN-THI,Thiruvarur,33
2021-08-21,TN-THI,Thiruvarur,43
2021-08-22,TN-THI,Thiruvarur,37
2021-08-23,TN-THI,Thiruvarur,38
2021-08-24,TN-THI,Thiruvarur,34
2021-08-25,TN-THI,Thiruvarur,28
2021-08-26,TN-THI,Thiruvarur,20
2021-08-27,TN-THI,Thiruvarur,28
2021-08-28,TN-THI,Thiruvarur,37
2021-08-29,TN-THI,Thiruvarur,32
2021-08-30,TN-THI,Thiruvarur,34
2021-08-31,TN-THI,Thiruvarur,34
2021-09-01,TN-THI,Thiruvarur,30
2021-09-02,TN-THI,Thiruvarur,33
2021-09-03,TN-THI,Thiruvarur,36
2021-09-04,TN-THI,Thiruvarur,36
2021-09-05,TN-THI,Thiruvarur,39
2021-09-06,TN-THI,Thiruvarur,42
2021-09-07,TN-THI,Thiruvarur,29
2021-09-08,TN-THI,Thiruvarur,41
2021-09-09,TN-THI,Thiruvarur,38
2021-09-10,TN-THI,Thiruvarur,47
2021-09-11,TN-THI,Thiruvarur,42
2021-09-12,TN-THI,Thiruvarur,44
2021-09-13,TN-THI,Thiruvarur,35
2021-09-14,TN-THI,Thiruvarur,32
2021-09-15,TN-THI,Thiruvarur,39
2021-09-16,TN-THI,Thiruvarur,39
2021-09-17,TN-THI,Thiruvarur,32
2021-09-18,TN-THI,Thiruvarur,39
2021-09-19,TN-THI,Thiruvarur,49
2021-09-20,TN-THI,Thiruvarur,36
2021-09-21,TN-THI,Thiruvarur,39
2021-09-22,TN-THI,Thiruvarur,37
2021-09-23,TN-THI,Thiruvarur,47
2021-09-24,TN-THI,Thiruvarur,47
2021-09-25,TN-THI,Thiruvarur,72
2021-09-26,TN-THI,Thiruvarur,71
2021-09-27,TN-THI,Thiruvarur,62
2021-09-28,TN-THI,Thiruvarur,53
2021-09-29,TN-THI,Thiruvarur,43
2021-09-30,TN-THI,Thiruvarur,49
2021-10-01,TN-THI,Thiruvarur,55
2021-10-02,TN-THI,Thiruvarur,59
2021-10-03,TN-THI,Thiruvarur,59
2021-10-04,TN-THI,Thiruvarur,56
2021-10-05,TN-THI,Thiruvarur,50
2021-10-06,TN-THI,Thiruvarur,67
2021-10-07,TN-THI,Thiruvarur,57
2021-10-08,TN-THI,Thiruvarur,58
2021-10-09,TN-THI,Thiruvarur,51
2021-10-10,TN-THI,Thiruvarur,50
2021-10-11,TN-THI,Thiruvarur,46
2021-10-12,TN-THI,Thiruvarur,39
2021-10-13,TN-THI,Thiruvarur,36
2021-10-14,TN-THI,Thiruvarur,34
2021-10-15,TN-THI,Thiruvarur,32
2021-10-16,TN-THI,Thiruvarur,27
2021-10-17,TN-THI,Thiruvarur,28
2021-10-18,TN-THI,Thiruvarur,35
2021-10-19,TN-THI,Thiruvarur,22
2021-10-20,TN-THI,Thiruvarur,25
2021-10-21,TN-THI,Thiruvarur,17
2021-10-22,TN-THI,Thiruvarur,20
2021-10-23,TN-THI,Thiruvarur,31
2021-10-24,TN-THI,Thiruvarur,31
2021-10-25,TN-THI,Thiruvarur,31
2021-10-26,TN-THI,Thiruvarur,27
2021-10-27,TN-THI,Thiruvarur,20
2021-10-28,TN-THI,Thiruvarur,24
2021-10-29,TN-THI,Thiruvarur,22
2021-10-30,TN-THI,Thiruvarur,23
2021-10-31,TN-THI,Thiruvarur,23
2021-08-01,TN-THO,Thoothukkudi,0
2021-08-02,TN-THO,Thoothukkudi,23
2021-08-03,TN-THO,Thoothukkudi,21
2021-08-04,TN-THO,Thoothukkudi,18
2021-08-05,TN-THO,Thoothukkudi,21
2021-08-06,TN-THO,Thoothukkudi,19
2021-08-07,TN-THO,Thoothukkudi,12
2021-08-08,TN-THO,Thoothukkudi,20
2021-08-09,TN-THO,Thoothukkudi,15
2021-08-10,TN-THO,Thoothukkudi,12
2021-08-11,TN-THO,Thoothukkudi,18
2021-08-12,TN-THO,Thoothukkudi,14
2021-08-13,TN-THO,Thoothukkudi,12
2021-08-14,TN-THO,Thoothukkudi,6
2021-08-15,TN-THO,Thoothukkudi,5
2021-08-16,TN-THO,Thoothukkudi,8
2021-08-17,TN-THO,Thoothukkudi,8
2021-08-18,TN-THO,Thoothukkudi,11
2021-08-19,TN-THO,Thoothukkudi,12
2021-08-20,TN-THO,Thoothukkudi,10
2021-08-21,TN-THO,Thoothukkudi,13
2021-08-22,TN-THO,Thoothukkudi,11
2021-08-23,TN-THO,Thoothukkudi,13
2021-08-24,TN-THO,Thoothukkudi,10
2021-08-25,TN-THO,Thoothukkudi,15
2021-08-26,TN-THO,Thoothukkudi,17
2021-08-27,TN-THO,Thoothukkudi,13
2021-08-28,TN-THO,Thoothukkudi,8
2021-08-29,TN-THO,Thoothukkudi,10
2021-08-30,TN-THO,Thoothukkudi,15
2021-08-31,TN-THO,Thoothukkudi,7
2021-09-01,TN-THO,Thoothukkudi,5
2021-09-02,TN-THO,Thoothukkudi,10
2021-09-03,TN-THO,Thoothukkudi,15
2021-09-04,TN-THO,Thoothukkudi,9
2021-09-05,TN-THO,Thoothukkudi,11
2021-09-06,TN-THO,Thoothukkudi,13
2021-09-07,TN-THO,Thoothukkudi,9
2021-09-08,TN-THO,Thoothukkudi,13
2021-09-09,TN-THO,Thoothukkudi,7
2021-09-10,TN-THO,Thoothukkudi,12
2021-09-11,TN-THO,Thoothukkudi,10
2021-09-12,TN-THO,Thoothukkudi,9
2021-09-13,TN-THO,Thoothukkudi,11
2021-09-14,TN-THO,Thoothukkudi,9
2021-09-15,TN-THO,Thoothukkudi,10
2021-09-16,TN-THO,Thoothukkudi,9
2021-09-17,TN-THO,Thoothukkudi,9
2021-09-18,TN-THO,Thoothukkudi,12
2021-09-19,TN-THO,Thoothukkudi,18
2021-09-20,TN-THO,Thoothukkudi,13
2021-09-21,TN-THO,Thoothukkudi,10
2021-09-22,TN-THO,Thoothukkudi,11
2021-09-23,TN-THO,Thoothukkudi,13
2021-09-24,TN-THO,Thoothukkudi,13
2021-09-25,TN-THO,Thoothukkudi,27
2021-09-26,TN-THO,Thoothukkudi,18
2021-09-27,TN-THO,Thoothukkudi,17
2021-09-28,TN-THO,Thoothukkudi,15
2021-09-29,TN-THO,Thoothukkudi,15
2021-09-30,TN-THO,Thoothukkudi,14
2021-10-01,TN-THO,Thoothukkudi,15
2021-10-02,TN-THO,Thoothukkudi,15
2021-10-03,TN-THO,Thoothukkudi,13
2021-10-04,TN-THO,Thoothukkudi,18
2021-10-05,TN-THO,Thoothukkudi,17
2021-10-06,TN-THO,Thoothukkudi,15
2021-10-07,TN-THO,Thoothukkudi,13
2021-10-08,TN-THO,Thoothukkudi,24
2021-10-09,TN-THO,Thoothukkudi,16
2021-10-10,TN-THO,Thoothukkudi,15
2021-10-11,TN-THO,Thoothukkudi,14
2021-10-12,TN-THO,Thoothukkudi,16
2021-10-13,TN-THO,Thoothukkudi,16
2021-10-14,TN-THO,Thoothukkudi,17
2021-10-15,TN-THO,Thoothukkudi,17
2021-10-16,TN-THO,Thoothukkudi,13
2021-10-17,TN-THO,Thoothukkudi,12
2021-10-18,TN-THO,Thoothukkudi,11
2021-10-19,TN-THO,Thoothukkudi,10
2021-10-20,TN-THO,Thoothukkudi,15
2021-10-21,TN-THO,Thoothukkudi,15
2021-10-22,TN-THO,Thoothukkudi,16
2021-10-23,TN-THO,Thoothukkudi,15
2021-10-24,TN-THO,Thoothukkudi,12
2021-10-25,TN-THO,Thoothukkudi,11
2021-10-26,TN-THO,Thoothukkudi,10
2021-10-27,TN-THO,Thoothukkudi,13
2021-10-28,TN-THO,Thoothukkudi,16
2021-10-29,TN-THO,Thoothukkudi,12
2021-10-30,TN-THO,Thoothukkudi,12
2021-10-31,TN-THO,Thoothukkudi,11
2021-08-01,TN-TIR,Tiruchirappalli,0
2021-08-02,TN-TIR,Tiruchirappalli,76
2021-08-03,TN-TIR,Tiruchirappalli,68
2021-08-04,TN-TIR,Tiruchirappalli,82
2021-08-05,TN-TIR,Tiruchirappalli,78
2021-08-06,TN-TIR,Tiruchirappalli,67
2021-08-07,TN-TIR,Tiruchirappalli,64
2021-08-08,TN-TIR,Tiruchirappalli,70
2021-08-09,TN-TIR,Tiruchirappalli,69
2021-08-10,TN-TIR,Tiruchirappalli,70
2021-08-11,TN-TIR,Tiruchirappalli,74
2021-08-12,TN-TIR,Tiruchirappalli,72
2021-08-13,TN-TIR,Tiruchirappalli,77
2021-08-14,TN-TIR,Tiruchirappalli,70
2021-08-15,TN-TIR,Tiruchirappalli,61
2021-08-16,TN-TIR,Tiruchirappalli,61
2021-08-17,TN-TIR,Tiruchirappalli,57
2021-08-18,TN-TIR,Tiruchirappalli,59
2021-08-19,TN-TIR,Tiruchirappalli,56
2021-08-20,TN-TIR,Tiruchirappalli,57
2021-08-21,TN-TIR,Tiruchirappalli,54
2021-08-22,TN-TIR,Tiruchirappalli,51
2021-08-23,TN-TIR,Tiruchirappalli,41
2021-08-24,TN-TIR,Tiruchirappalli,47
2021-08-25,TN-TIR,Tiruchirappalli,47
2021-08-26,TN-TIR,Tiruchirappalli,44
2021-08-27,TN-TIR,Tiruchirappalli,45
2021-08-28,TN-TIR,Tiruchirappalli,57
2021-08-29,TN-TIR,Tiruchirappalli,57
2021-08-30,TN-TIR,Tiruchirappalli,66
2021-08-31,TN-TIR,Tiruchirappalli,66
2021-09-01,TN-TIR,Tiruchirappalli,77
2021-09-02,TN-TIR,Tiruchirappalli,59
2021-09-03,TN-TIR,Tiruchirappalli,62
2021-09-04,TN-TIR,Tiruchirappalli,47
2021-09-05,TN-TIR,Tiruchirappalli,58
2021-09-06,TN-TIR,Tiruchirappalli,60
2021-09-07,TN-TIR,Tiruchirappalli,46
2021-09-08,TN-TIR,Tiruchirappalli,51
2021-09-09,TN-TIR,Tiruchirappalli,51
2021-09-10,TN-TIR,Tiruchirappalli,52
2021-09-11,TN-TIR,Tiruchirappalli,48
2021-09-12,TN-TIR,Tiruchirappalli,47
2021-09-13,TN-TIR,Tiruchirappalli,46
2021-09-14,TN-TIR,Tiruchirappalli,43
2021-09-15,TN-TIR,Tiruchirappalli,47
2021-09-16,TN-TIR,Tiruchirappalli,54
2021-09-17,TN-TIR,Tiruchirappalli,52
2021-09-18,TN-TIR,Tiruchirappalli,49
2021-09-19,TN-TIR,Tiruchirappalli,51
2021-09-20,TN-TIR,Tiruchirappalli,50
2021-09-21,TN-TIR,Tiruchirappalli,68
2021-09-22,TN-TIR,Tiruchirappalli,63
2021-09-23,TN-TIR,Tiruchirappalli,83
2021-09-24,TN-TIR,Tiruchirappalli,71
2021-09-25,TN-TIR,Tiruchirappalli,65
2021-09-26,TN-TIR,Tiruchirappalli,62
2021-09-27,TN-TIR,Tiruchirappalli,62
2021-09-28,TN-TIR,Tiruchirappalli,53
2021-09-29,TN-TIR,Tiruchirappalli,59
2021-09-30,TN-TIR,Tiruchirappalli,57
2021-10-01,TN-TIR,Tiruchirappalli,59
2021-10-02,TN-TIR,Tiruchirappalli,57
2021-10-03,TN-TIR,Tiruchirappalli,55
2021-10-04,TN-TIR,Tiruchirappalli,49
2021-10-05,TN-TIR,Tiruchirappalli,52
2021-10-06,TN-TIR,Tiruchirappalli,52
2021-10-07,TN-TIR,Tiruchirappalli,53
2021-10-08,TN-TIR,Tiruchirappalli,53
2021-10-09,TN-TIR,Tiruchirappalli,52
2021-10-10,TN-TIR,Tiruchirappalli,53
2021-10-11,TN-TIR,Tiruchirappalli,51
2021-10-12,TN-TIR,Tiruchirappalli,48
2021-10-13,TN-TIR,Tiruchirappalli,46
2021-10-14,TN-TIR,Tiruchirappalli,43
2021-10-15,TN-TIR,Tiruchirappalli,49
2021-10-16,TN-TIR,Tiruchirappalli,49
2021-10-17,TN-TIR,Tiruchirappalli,45
2021-10-18,TN-TIR,Tiruchirappalli,47
2021-10-19,TN-TIR,Tiruchirappalli,45
2021-10-20,TN-TIR,Tiruchirappalli,45
2021-10-21,TN-TIR,Tiruchirappalli,47
2021-10-22,TN-TIR,Tiruchirappalli,45
2021-10-23,TN-TIR,Tiruchirappalli,45
2021-10-24,TN-TIR,Tiruchirappalli,45
2021-10-25,TN-TIR,Tiruchirappalli,50
2021-10-26,TN-TIR,Tiruchirappalli,47
2021-10-27,TN-TIR,Tiruchirappalli,47
2021-10-28,TN-TIR,Tiruchirappalli,42
2021-10-29,TN-TIR,Tiruchirappalli,39
2021-10-30,TN-TIR,Tiruchirappalli,40
2021-10-31,TN-TIR,Tiruchirappalli,37
2021-08-01,TN-TIR,Tirunelveli,0
2021-08-02,TN-TIR,Tirunelveli,18
2021-08-03,TN-TIR,Tirunelveli,23
2021-08-04,TN-TIR,Tirunelveli,24
2021-08-05,TN-TIR,Tirunelveli,13
2021-08-06,TN-TIR,Tirunelveli,30
2021-08-07,TN-TIR,Tirunelveli,22
2021-08-08,TN-TIR,Tirunelveli,35
2021-08-09,TN-TIR,Tirunelveli,29
2021-08-10,TN-TIR,Tirunelveli,26
2021-08-11,TN-TIR,Tirunelveli,14
2021-08-12,TN-TIR,Tirunelveli,13
2021-08-13,TN-TIR,Tirunelveli,17
2021-08-14,TN-TIR,Tirunelveli,13
2021-08-15,TN-TIR,Tirunelveli,17
2021-08-16,TN-TIR,Tirunelveli,16
2021-08-17,TN-TIR,Tirunelveli,21
2021-08-18,TN-TIR,Tirunelveli,15
2021-08-19,TN-TIR,Tirunelveli,21
2021-08-20,TN-TIR,Tirunelveli,26
2021-08-21,TN-TIR,Tirunelveli,15
2021-08-22,TN-TIR,Tirunelveli,13
2021-08-23,TN-TIR,Tirunelveli,12
2021-08-24,TN-TIR,Tirunelveli,10
2021-08-25,TN-TIR,Tirunelveli,6
2021-08-26,TN-TIR,Tirunelveli,16
2021-08-27,TN-TIR,Tirunelveli,15
2021-08-28,TN-TIR,Tirunelveli,14
2021-08-29,TN-TIR,Tirunelveli,13
2021-08-30,TN-TIR,Tirunelveli,14
2021-08-31,TN-TIR,Tirunelveli,11
2021-09-01,TN-TIR,Tirunelveli,12
2021-09-02,TN-TIR,Tirunelveli,7
2021-09-03,TN-TIR,Tirunelveli,14
2021-09-04,TN-TIR,Tirunelveli,10
2021-09-05,TN-TIR,Tirunelveli,13
2021-09-06,TN-TIR,Tirunelveli,9
2021-09-07,TN-TIR,Tirunelveli,11
2021-09-08,TN-TIR,Tirunelveli,9
2021-09-09,TN-TIR,Tirunelveli,9
2021-09-10,TN-TIR,Tirunelveli,8
2021-09-11,TN-TIR,Tirunelveli,9
2021-09-12,TN-TIR,Tirunelveli,18
2021-09-13,TN-TIR,Tirunelveli,2
2021-09-14,TN-TIR,Tirunelveli,13
2021-09-15,TN-TIR,Tirunelveli,16
2021-09-16,TN-TIR,Tirunelveli,15
2021-09-17,TN-TIR,Tirunelveli,17
2021-09-18,TN-TIR,Tirunelveli,23
2021-09-19,TN-TIR,Tirunelveli,15
2021-09-20,TN-TIR,Tirunelveli,10
2021-09-21,TN-TIR,Tirunelveli,22
2021-09-22,TN-TIR,Tirunelveli,16
2021-09-23,TN-TIR,Tirunelveli,16
2021-09-24,TN-TIR,Tirunelveli,21
2021-09-25,TN-TIR,Tirunelveli,22
2021-09-26,TN-TIR,Tirunelveli,25
2021-09-27,TN-TIR,Tirunelveli,22
2021-09-28,TN-TIR,Tirunelveli,20
2021-09-29,TN-TIR,Tirunelveli,20
2021-09-30,TN-TIR,Tirunelveli,19
2021-10-01,TN-TIR,Tirunelveli,20
2021-10-02,TN-TIR,Tirunelveli,26
2021-10-03,TN-TIR,Tirunelveli,21
2021-10-04,TN-TIR,Tirunelveli,17
2021-10-05,TN-TIR,Tirunelveli,25
2021-10-06,TN-TIR,Tirunelveli,17
2021-10-07,TN-TIR,Tirunelveli,20
2021-10-08,TN-TIR,Tirunelveli,18
2021-10-09,TN-TIR,Tirunelveli,14
2021-10-10,TN-TIR,Tirunelveli,11
2021-10-11,TN-TIR,Tirunelveli,15
2021-10-12,TN-TIR,Tirunelveli,18
2021-10-13,TN-TIR,Tirunelveli,12
2021-10-14,TN-TIR,Tirunelveli,21
2021-10-15,TN-TIR,Tirunelveli,13
2021-10-16,TN-TIR,Tirunelveli,16
2021-10-17,TN-TIR,Tirunelveli,20
2021-10-18,TN-TIR,Tirunelveli,23
2021-10-19,TN-TIR,Tirunelveli,13
2021-10-20,TN-TIR,Tirunelveli,11
2021-10-21,TN-TIR,Tirunelveli,10
2021-10-22,TN-TIR,Tirunelveli,14
2021-10-23,TN-TIR,Tirunelveli,8
2021-10-24,TN-TIR,Tirunelveli,6
2021-10-25,TN-TIR,Tirunelveli,8
2021-10-26,TN-TIR,Tirunelveli,16
2021-10-27,TN-TIR,Tirunelveli,21
2021-10-28,TN-TIR,Tirunelveli,14
2021-10-29,TN-TIR,Tirunelveli,11
2021-10-30,TN-TIR,Tirunelveli,12
2021-10-31,TN-TIR,Tirunelveli,11
2021-08-01,TN-TIR,Tirupathur,0
2021-08-02,TN-TIR,Tirupathur,27
2021-08-03,TN-TIR,Tirupathur,21
2021-08-04,TN-TIR,Tirupathur,17
2021-08-05,TN-TIR,Tirupathur,15
2021-08-06,TN-TIR,Tirupathur,13
2021-08-07,TN-TIR,Tirupathur,11
2021-08-08,TN-TIR,Tirupathur,12
2021-08-09,TN-TIR,Tirupathur,9
2021-08-10,TN-TIR,Tirupathur,13
2021-08-11,TN-TIR,Tirupathur,10
2021-08-12,TN-TIR,Tirupathur,10
2021-08-13,TN-TIR,Tirupathur,8
2021-08-14,TN-TIR,Tirupathur,14
2021-08-15,TN-TIR,Tirupathur,5
2021-08-16,TN-TIR,Tirupathur,4
2021-08-17,TN-TIR,Tirupathur,0
2021-08-18,TN-TIR,Tirupathur,8
2021-08-19,TN-TIR,Tirupathur,4
2021-08-20,TN-TIR,Tirupathur,8
2021-08-21,TN-TIR,Tirupathur,14
2021-08-22,TN-TIR,Tirupathur,11
2021-08-23,TN-TIR,Tirupathur,10
2021-08-24,TN-TIR,Tirupathur,19
2021-08-25,TN-TIR,Tirupathur,3
2021-08-26,TN-TIR,Tirupathur,20
2021-08-27,TN-TIR,Tirupathur,13
2021-08-28,TN-TIR,Tirupathur,4
2021-08-29,TN-TIR,Tirupathur,18
2021-08-30,TN-TIR,Tirupathur,12
2021-08-31,TN-TIR,Tirupathur,6
2021-09-01,TN-TIR,Tirupathur,5
2021-09-02,TN-TIR,Tirupathur,9
2021-09-03,TN-TIR,Tirupathur,9
2021-09-04,TN-TIR,Tirupathur,4
2021-09-05,TN-TIR,Tirupathur,8
2021-09-06,TN-TIR,Tirupathur,12
2021-09-07,TN-TIR,Tirupathur,8
2021-09-08,TN-TIR,Tirupathur,15
2021-09-09,TN-TIR,Tirupathur,13
2021-09-10,TN-TIR,Tirupathur,12
2021-09-11,TN-TIR,Tirupathur,5
2021-09-12,TN-TIR,Tirupathur,5
2021-09-13,TN-TIR,Tirupathur,12
2021-09-14,TN-TIR,Tirupathur,6
2021-09-15,TN-TIR,Tirupathur,12
2021-09-16,TN-TIR,Tirupathur,7
2021-09-17,TN-TIR,Tirupathur,14
2021-09-18,TN-TIR,Tirupathur,8
2021-09-19,TN-TIR,Tirupathur,12
2021-09-20,TN-TIR,Tirupathur,20
2021-09-21,TN-TIR,Tirupathur,16
2021-09-22,TN-TIR,Tirupathur,15
2021-09-23,TN-TIR,Tirupathur,15
2021-09-24,TN-TIR,Tirupathur,36
2021-09-25,TN-TIR,Tirupathur,28
2021-09-26,TN-TIR,Tirupathur,15
2021-09-27,TN-TIR,Tirupathur,14
2021-09-28,TN-TIR,Tirupathur,21
2021-09-29,TN-TIR,Tirupathur,15
2021-09-30,TN-TIR,Tirupathur,18
2021-10-01,TN-TIR,Tirupathur,18
2021-10-02,TN-TIR,Tirupathur,24
2021-10-03,TN-TIR,Tirupathur,21
2021-10-04,TN-TIR,Tirupathur,18
2021-10-05,TN-TIR,Tirupathur,14
2021-10-06,TN-TIR,Tirupathur,15
2021-10-07,TN-TIR,Tirupathur,12
2021-10-08,TN-TIR,Tirupathur,10
2021-10-09,TN-TIR,Tirupathur,6
2021-10-10,TN-TIR,Tirupathur,6
2021-10-11,TN-TIR,Tirupathur,6
2021-10-12,TN-TIR,Tirupathur,8
2021-10-13,TN-TIR,Tirupathur,12
2021-10-14,TN-TIR,Tirupathur,9
2021-10-15,TN-TIR,Tirupathur,6
2021-10-16,TN-TIR,Tirupathur,7
2021-10-17,TN-TIR,Tirupathur,13
2021-10-18,TN-TIR,Tirupathur,12
2021-10-19,TN-TIR,Tirupathur,11
2021-10-20,TN-TIR,Tirupathur,7
2021-10-21,TN-TIR,Tirupathur,7
2021-10-22,TN-TIR,Tirupathur,7
2021-10-23,TN-TIR,Tirupathur,3
2021-10-24,TN-TIR,Tirupathur,11
2021-10-25,TN-TIR,Tirupathur,4
2021-10-26,TN-TIR,Tirupathur,3
2021-10-27,TN-TIR,Tirupathur,5
2021-10-28,TN-TIR,Tirupathur,11
2021-10-29,TN-TIR,Tirupathur,9
2021-10-30,TN-TIR,Tirupathur,8
2021-10-31,TN-TIR,Tirupathur,10
2021-08-01,TN-TIR,Tiruppur,0
2021-08-02,TN-TIR,Tiruppur,90
2021-08-03,TN-TIR,Tiruppur,87
2021-08-04,TN-TIR,Tiruppur,89
2021-08-05,TN-TIR,Tiruppur,100
2021-08-06,TN-TIR,Tiruppur,93
2021-08-07,TN-TIR,Tiruppur,87
2021-08-08,TN-TIR,Tiruppur,79
2021-08-09,TN-TIR,Tiruppur,76
2021-08-10,TN-TIR,Tiruppur,80
2021-08-11,TN-TIR,Tiruppur,78
2021-08-12,TN-TIR,Tiruppur,87
2021-08-13,TN-TIR,Tiruppur,96
2021-08-14,TN-TIR,Tiruppur,92
2021-08-15,TN-TIR,Tiruppur,86
2021-08-16,TN-TIR,Tiruppur,84
2021-08-17,TN-TIR,Tiruppur,69
2021-08-18,TN-TIR,Tiruppur,95
2021-08-19,TN-TIR,Tiruppur,88
2021-08-20,TN-TIR,Tiruppur,77
2021-08-21,TN-TIR,Tiruppur,78
2021-08-22,TN-TIR,Tiruppur,70
2021-08-23,TN-TIR,Tiruppur,74
2021-08-24,TN-TIR,Tiruppur,65
2021-08-25,TN-TIR,Tiruppur,65
2021-08-26,TN-TIR,Tiruppur,77
2021-08-27,TN-TIR,Tiruppur,64
2021-08-28,TN-TIR,Tiruppur,64
2021-08-29,TN-TIR,Tiruppur,79
2021-08-30,TN-TIR,Tiruppur,72
2021-08-31,TN-TIR,Tiruppur,69
2021-09-01,TN-TIR,Tiruppur,75
2021-09-02,TN-TIR,Tiruppur,90
2021-09-03,TN-TIR,Tiruppur,100
2021-09-04,TN-TIR,Tiruppur,87
2021-09-05,TN-TIR,Tiruppur,84
2021-09-06,TN-TIR,Tiruppur,87
2021-09-07,TN-TIR,Tiruppur,72
2021-09-08,TN-TIR,Tiruppur,82
2021-09-09,TN-TIR,Tiruppur,87
2021-09-10,TN-TIR,Tiruppur,120
2021-09-11,TN-TIR,Tiruppur,96
2021-09-12,TN-TIR,Tiruppur,86
2021-09-13,TN-TIR,Tiruppur,91
2021-09-14,TN-TIR,Tiruppur,81
2021-09-15,TN-TIR,Tiruppur,83
2021-09-16,TN-TIR,Tiruppur,118
2021-09-17,TN-TIR,Tiruppur,97
2021-09-18,TN-TIR,Tiruppur,96
2021-09-19,TN-TIR,Tiruppur,96
2021-09-20,TN-TIR,Tiruppur,92
2021-09-21,TN-TIR,Tiruppur,83
2021-09-22,TN-TIR,Tiruppur,99
2021-09-23,TN-TIR,Tiruppur,87
2021-09-24,TN-TIR,Tiruppur,102
2021-09-25,TN-TIR,Tiruppur,88
2021-09-26,TN-TIR,Tiruppur,86
2021-09-27,TN-TIR,Tiruppur,89
2021-09-28,TN-TIR,Tiruppur,90
2021-09-29,TN-TIR,Tiruppur,92
2021-09-30,TN-TIR,Tiruppur,83
2021-10-01,TN-TIR,Tiruppur,83
2021-10-02,TN-TIR,Tiruppur,81
2021-10-03,TN-TIR,Tiruppur,80
2021-10-04,TN-TIR,Tiruppur,79
2021-10-05,TN-TIR,Tiruppur,74
2021-10-06,TN-TIR,Tiruppur,80
2021-10-07,TN-TIR,Tiruppur,76
2021-10-08,TN-TIR,Tiruppur,73
2021-10-09,TN-TIR,Tiruppur,75
2021-10-10,TN-TIR,Tiruppur,95
2021-10-11,TN-TIR,Tiruppur,88
2021-10-12,TN-TIR,Tiruppur,80
2021-10-13,TN-TIR,Tiruppur,82
2021-10-14,TN-TIR,Tiruppur,74
2021-10-15,TN-TIR,Tiruppur,76
2021-10-16,TN-TIR,Tiruppur,83
2021-10-17,TN-TIR,Tiruppur,73
2021-10-18,TN-TIR,Tiruppur,79
2021-10-19,TN-TIR,Tiruppur,74
2021-10-20,TN-TIR,Tiruppur,67
2021-10-21,TN-TIR,Tiruppur,73
2021-10-22,TN-TIR,Tiruppur,68
2021-10-23,TN-TIR,Tiruppur,86
2021-10-24,TN-TIR,Tiruppur,78
2021-10-25,TN-TIR,Tiruppur,79
2021-10-26,TN-TIR,Tiruppur,78
2021-10-27,TN-TIR,Tiruppur,72
2021-10-28,TN-TIR,Tiruppur,65
2021-10-29,TN-TIR,Tiruppur,70
2021-10-30,TN-TIR,Tiruppur,71
2021-10-31,TN-TIR,Tiruppur,69
2021-08-01,TN-TIR,Tiruvannamalai,0
2021-08-02,TN-TIR,Tiruvannamalai,41
2021-08-03,TN-TIR,Tiruvannamalai,35
2021-08-04,TN-TIR,Tiruvannamalai,39
2021-08-05,TN-TIR,Tiruvannamalai,64
2021-08-06,TN-TIR,Tiruvannamalai,58
2021-08-07,TN-TIR,Tiruvannamalai,52
2021-08-08,TN-TIR,Tiruvannamalai,47
2021-08-09,TN-TIR,Tiruvannamalai,43
2021-08-10,TN-TIR,Tiruvannamalai,56
2021-08-11,TN-TIR,Tiruvannamalai,52
2021-08-12,TN-TIR,Tiruvannamalai,49
2021-08-13,TN-TIR,Tiruvannamalai,45
2021-08-14,TN-TIR,Tiruvannamalai,44
2021-08-15,TN-TIR,Tiruvannamalai,48
2021-08-16,TN-TIR,Tiruvannamalai,43
2021-08-17,TN-TIR,Tiruvannamalai,46
2021-08-18,TN-TIR,Tiruvannamalai,37
2021-08-19,TN-TIR,Tiruvannamalai,40
2021-08-20,TN-TIR,Tiruvannamalai,35
2021-08-21,TN-TIR,Tiruvannamalai,32
2021-08-22,TN-TIR,Tiruvannamalai,42
2021-08-23,TN-TIR,Tiruvannamalai,40
2021-08-24,TN-TIR,Tiruvannamalai,39
2021-08-25,TN-TIR,Tiruvannamalai,32
2021-08-26,TN-TIR,Tiruvannamalai,33
2021-08-27,TN-TIR,Tiruvannamalai,27
2021-08-28,TN-TIR,Tiruvannamalai,35
2021-08-29,TN-TIR,Tiruvannamalai,25
2021-08-30,TN-TIR,Tiruvannamalai,47
2021-08-31,TN-TIR,Tiruvannamalai,31
2021-09-01,TN-TIR,Tiruvannamalai,42
2021-09-02,TN-TIR,Tiruvannamalai,32
2021-09-03,TN-TIR,Tiruvannamalai,38
2021-09-04,TN-TIR,Tiruvannamalai,28
2021-09-05,TN-TIR,Tiruvannamalai,35
2021-09-06,TN-TIR,Tiruvannamalai,35
2021-09-07,TN-TIR,Tiruvannamalai,32
2021-09-08,TN-TIR,Tiruvannamalai,31
2021-09-09,TN-TIR,Tiruvannamalai,31
2021-09-10,TN-TIR,Tiruvannamalai,32
2021-09-11,TN-TIR,Tiruvannamalai,35
2021-09-12,TN-TIR,Tiruvannamalai,29
2021-09-13,TN-TIR,Tiruvannamalai,26
2021-09-14,TN-TIR,Tiruvannamalai,20
2021-09-15,TN-TIR,Tiruvannamalai,26
2021-09-16,TN-TIR,Tiruvannamalai,23
2021-09-17,TN-TIR,Tiruvannamalai,25
2021-09-18,TN-TIR,Tiruvannamalai,28
2021-09-19,TN-TIR,Tiruvannamalai,39
2021-09-20,TN-TIR,Tiruvannamalai,40
2021-09-21,TN-TIR,Tiruvannamalai,34
2021-09-22,TN-TIR,Tiruvannamalai,42
2021-09-23,TN-TIR,Tiruvannamalai,34
2021-09-24,TN-TIR,Tiruvannamalai,42
2021-09-25,TN-TIR,Tiruvannamalai,40
2021-09-26,TN-TIR,Tiruvannamalai,37
2021-09-27,TN-TIR,Tiruvannamalai,38
2021-09-28,TN-TIR,Tiruvannamalai,33
2021-09-29,TN-TIR,Tiruvannamalai,30
2021-09-30,TN-TIR,Tiruvannamalai,30
2021-10-01,TN-TIR,Tiruvannamalai,27
2021-10-02,TN-TIR,Tiruvannamalai,28
2021-10-03,TN-TIR,Tiruvannamalai,26
2021-10-04,TN-TIR,Tiruvannamalai,23
2021-10-05,TN-TIR,Tiruvannamalai,23
2021-10-06,TN-TIR,Tiruvannamalai,20
2021-10-07,TN-TIR,Tiruvannamalai,18
2021-10-08,TN-TIR,Tiruvannamalai,16
2021-10-09,TN-TIR,Tiruvannamalai,18
2021-10-10,TN-TIR,Tiruvannamalai,21
2021-10-11,TN-TIR,Tiruvannamalai,22
2021-10-12,TN-TIR,Tiruvannamalai,20
2021-10-13,TN-TIR,Tiruvannamalai,20
2021-10-14,TN-TIR,Tiruvannamalai,19
2021-10-15,TN-TIR,Tiruvannamalai,21
2021-10-16,TN-TIR,Tiruvannamalai,21
2021-10-17,TN-TIR,Tiruvannamalai,19
2021-10-18,TN-TIR,Tiruvannamalai,23
2021-10-19,TN-TIR,Tiruvannamalai,22
2021-10-20,TN-TIR,Tiruvannamalai,20
2021-10-21,TN-TIR,Tiruvannamalai,19
2021-10-22,TN-TIR,Tiruvannamalai,19
2021-10-23,TN-TIR,Tiruvannamalai,21
2021-10-24,TN-TIR,Tiruvannamalai,19
2021-10-25,TN-TIR,Tiruvannamalai,18
2021-10-26,TN-TIR,Tiruvannamalai,17
2021-10-27,TN-TIR,Tiruvannamalai,19
2021-10-28,TN-TIR,Tiruvannamalai,14
2021-10-29,TN-TIR,Tiruvannamalai,19
2021-10-30,TN-TIR,Tiruvannamalai,15
2021-10-31,TN-TIR,Tiruvannamalai,18
2021-08-01,TN-VEL,Vellore,0
2021-08-02,TN-VEL,Vellore,30
2021-08-03,TN-VEL,Vellore,25
2021-08-04,TN-VEL,Vellore,23
2021-08-05,TN-VEL,Vellore,17
2021-08-06,TN-VEL,Vellore,26
2021-08-07,TN-VEL,Vellore,25
2021-08-08,TN-VEL,Vellore,20
2021-08-09,TN-VEL,Vellore,40
2021-08-10,TN-VEL,Vellore,30
2021-08-11,TN-VEL,Vellore,39
2021-08-12,TN-VEL,Vellore,30
2021-08-13,TN-VEL,Vellore,37
2021-08-14,TN-VEL,Vellore,24
2021-08-15,TN-VEL,Vellore,15
2021-08-16,TN-VEL,Vellore,24
2021-08-17,TN-VEL,Vellore,25
2021-08-18,TN-VEL,Vellore,25
2021-08-19,TN-VEL,Vellore,22
2021-08-20,TN-VEL,Vellore,28
2021-08-21,TN-VEL,Vellore,24
2021-08-22,TN-VEL,Vellore,26
2021-08-23,TN-VEL,Vellore,40
2021-08-24,TN-VEL,Vellore,40
2021-08-25,TN-VEL,Vellore,36
2021-08-26,TN-VEL,Vellore,23
2021-08-27,TN-VEL,Vellore,14
2021-08-28,TN-VEL,Vellore,15
2021-08-29,TN-VEL,Vellore,9
2021-08-30,TN-VEL,Vellore,15
2021-08-31,TN-VEL,Vellore,27
2021-09-01,TN-VEL,Vellore,17
2021-09-02,TN-VEL,Vellore,20
2021-09-03,TN-VEL,Vellore,11
2021-09-04,TN-VEL,Vellore,16
2021-09-05,TN-VEL,Vellore,9
2021-09-06,TN-VEL,Vellore,10
2021-09-07,TN-VEL,Vellore,17
2021-09-08,TN-VEL,Vellore,14
2021-09-09,TN-VEL,Vellore,19
2021-09-10,TN-VEL,Vellore,19
2021-09-11,TN-VEL,Vellore,21
2021-09-12,TN-VEL,Vellore,16
2021-09-13,TN-VEL,Vellore,28
2021-09-14,TN-VEL,Vellore,27
2021-09-15,TN-VEL,Vellore,6
2021-09-16,TN-VEL,Vellore,22
2021-09-17,TN-VEL,Vellore,19
2021-09-18,TN-VEL,Vellore,16
2021-09-19,TN-VEL,Vellore,8
2021-09-20,TN-VEL,Vellore,20
2021-09-21,TN-VEL,Vellore,28
2021-09-22,TN-VEL,Vellore,20
2021-09-23,TN-VEL,Vellore,20
2021-09-24,TN-VEL,Vellore,19
2021-09-25,TN-VEL,Vellore,17
2021-09-26,TN-VEL,Vellore,20
2021-09-27,TN-VEL,Vellore,29
2021-09-28,TN-VEL,Vellore,17
2021-09-29,TN-VEL,Vellore,17
2021-09-30,TN-VEL,Vellore,19
2021-10-01,TN-VEL,Vellore,21
2021-10-02,TN-VEL,Vellore,13
2021-10-03,TN-VEL,Vellore,9
2021-10-04,TN-VEL,Vellore,17
2021-10-05,TN-VEL,Vellore,12
2021-10-06,TN-VEL,Vellore,12
2021-10-07,TN-VEL,Vellore,16
2021-10-08,TN-VEL,Vellore,15
2021-10-09,TN-VEL,Vellore,15
2021-10-10,TN-VEL,Vellore,15
2021-10-11,TN-VEL,Vellore,16
2021-10-12,TN-VEL,Vellore,28
2021-10-13,TN-VEL,Vellore,12
2021-10-14,TN-VEL,Vellore,19
2021-10-15,TN-VEL,Vellore,19
2021-10-16,TN-VEL,Vellore,9
2021-10-17,TN-VEL,Vellore,16
2021-10-18,TN-VEL,Vellore,16
2021-10-19,TN-VEL,Vellore,10
2021-10-20,TN-VEL,Vellore,16
2021-10-21,TN-VEL,Vellore,8
2021-10-22,TN-VEL,Vellore,11
2021-10-23,TN-VEL,Vellore,14
2021-10-24,TN-VEL,Vellore,12
2021-10-25,TN-VEL,Vellore,12
2021-10-26,TN-VEL,Vellore,24
2021-10-27,TN-VEL,Vellore,22
2021-10-28,TN-VEL,Vellore,15
2021-10-29,TN-VEL,Vellore,10
2021-10-30,TN-VEL,Vellore,22
2021-10-31,TN-VEL,Vellore,12
2021-08-01,TN-VIL,Viluppuram,0
2021-08-02,TN-VIL,Viluppuram,29
2021-08-03,TN-VIL,Viluppuram,26
2021-08-04,TN-VIL,Viluppuram,34
2021-08-05,TN-VIL,Viluppuram,38
2021-08-06,TN-VIL,Viluppuram,30
2021-08-07,TN-VIL,Viluppuram,29
2021-08-08,TN-VIL,Viluppuram,36
2021-08-09,TN-VIL,Viluppuram,37
2021-08-10,TN-VIL,Viluppuram,31
2021-08-11,TN-VIL,Viluppuram,37
2021-08-12,TN-VIL,Viluppuram,29
2021-08-13,TN-VIL,Viluppuram,15
2021-08-14,TN-VIL,Viluppuram,31
2021-08-15,TN-VIL,Viluppuram,34
2021-08-16,TN-VIL,Viluppuram,34
2021-08-17,TN-VIL,Viluppuram,28
2021-08-18,TN-VIL,Viluppuram,37
2021-08-19,TN-VIL,Viluppuram,34
2021-08-20,TN-VIL,Viluppuram,32
2021-08-21,TN-VIL,Viluppuram,43
2021-08-22,TN-VIL,Viluppuram,34
2021-08-23,TN-VIL,Viluppuram,31
2021-08-24,TN-VIL,Viluppuram,29
2021-08-25,TN-VIL,Viluppuram,32
2021-08-26,TN-VIL,Viluppuram,30
2021-08-27,TN-VIL,Viluppuram,32
2021-08-28,TN-VIL,Viluppuram,28
2021-08-29,TN-VIL,Viluppuram,27
2021-08-30,TN-VIL,Viluppuram,31
2021-08-31,TN-VIL,Viluppuram,27
2021-09-01,TN-VIL,Viluppuram,21
2021-09-02,TN-VIL,Viluppuram,16
2021-09-03,TN-VIL,Viluppuram,27
2021-09-04,TN-VIL,Viluppuram,27
2021-09-05,TN-VIL,Viluppuram,23
2021-09-06,TN-VIL,Viluppuram,22
2021-09-07,TN-VIL,Viluppuram,19
2021-09-08,TN-VIL,Viluppuram,23
2021-09-09,TN-VIL,Viluppuram,22
2021-09-10,TN-VIL,Viluppuram,24
2021-09-11,TN-VIL,Viluppuram,19
2021-09-12,TN-VIL,Viluppuram,17
2021-09-13,TN-VIL,Viluppuram,21
2021-09-14,TN-VIL,Viluppuram,17
2021-09-15,TN-VIL,Viluppuram,20
2021-09-16,TN-VIL,Viluppuram,20
2021-09-17,TN-VIL,Viluppuram,21
2021-09-18,TN-VIL,Viluppuram,20
2021-09-19,TN-VIL,Viluppuram,27
2021-09-20,TN-VIL,Viluppuram,22
2021-09-21,TN-VIL,Viluppuram,21
2021-09-22,TN-VIL,Viluppuram,17
2021-09-23,TN-VIL,Viluppuram,26
2021-09-24,TN-VIL,Viluppuram,23
2021-09-25,TN-VIL,Viluppuram,24
2021-09-26,TN-VIL,Viluppuram,16
2021-09-27,TN-VIL,Viluppuram,15
2021-09-28,TN-VIL,Viluppuram,21
2021-09-29,TN-VIL,Viluppuram,23
2021-09-30,TN-VIL,Viluppuram,19
2021-10-01,TN-VIL,Viluppuram,18
2021-10-02,TN-VIL,Viluppuram,17
2021-10-03,TN-VIL,Viluppuram,15
2021-10-04,TN-VIL,Viluppuram,13
2021-10-05,TN-VIL,Viluppuram,14
2021-10-06,TN-VIL,Viluppuram,20
2021-10-07,TN-VIL,Viluppuram,20
2021-10-08,TN-VIL,Viluppuram,16
2021-10-09,TN-VIL,Viluppuram,12
2021-10-10,TN-VIL,Viluppuram,14
2021-10-11,TN-VIL,Viluppuram,14
2021-10-12,TN-VIL,Viluppuram,13
2021-10-13,TN-VIL,Viluppuram,11
2021-10-14,TN-VIL,Viluppuram,10
2021-10-15,TN-VIL,Viluppuram,12
2021-10-16,TN-VIL,Viluppuram,13
2021-10-17,TN-VIL,Viluppuram,11
2021-10-18,TN-VIL,Viluppuram,12
2021-10-19,TN-VIL,Viluppuram,9
2021-10-20,TN-VIL,Viluppuram,12
2021-10-21,TN-VIL,Viluppuram,13
2021-10-22,TN-VIL,Viluppuram,11
2021-10-23,TN-VIL,Viluppuram,11
2021-10-24,TN-VIL,Viluppuram,11
2021-10-25,TN-VIL,Viluppuram,13
2021-10-26,TN-VIL,Viluppuram,12
2021-10-27,TN-VIL,Viluppuram,14
2021-10-28,TN-VIL,Viluppuram,11
2021-10-29,TN-VIL,Viluppuram,10
2021-10-30,TN-VIL,Viluppuram,9
2021-10-31,TN-VIL,Viluppuram,10
2021-08-01,TN-VIR,Virudhunagar,0
2021-08-02,TN-VIR,Virudhunagar,14
2021-08-03,TN-VIR,Virudhunagar,16
2021-08-04,TN-VIR,Virudhunagar,13
2021-08-05,TN-VIR,Virudhunagar,11
2021-08-06,TN-VIR,Virudhunagar,8
2021-08-07,TN-VIR,Virudhunagar,13
2021-08-08,TN-VIR,Virudhunagar,12
2021-08-09,TN-VIR,Virudhunagar,11
2021-08-10,TN-VIR,Virudhunagar,9
2021-08-11,TN-VIR,Virudhunagar,10
2021-08-12,TN-VIR,Virudhunagar,9
2021-08-13,TN-VIR,Virudhunagar,6
2021-08-14,TN-VIR,Virudhunagar,3
2021-08-15,TN-VIR,Virudhunagar,9
2021-08-16,TN-VIR,Virudhunagar,8
2021-08-17,TN-VIR,Virudhunagar,4
2021-08-18,TN-VIR,Virudhunagar,5
2021-08-19,TN-VIR,Virudhunagar,4
2021-08-20,TN-VIR,Virudhunagar,8
2021-08-21,TN-VIR,Virudhunagar,6
2021-08-22,TN-VIR,Virudhunagar,5
2021-08-23,TN-VIR,Virudhunagar,9
2021-08-24,TN-VIR,Virudhunagar,6
2021-08-25,TN-VIR,Virudhunagar,7
2021-08-26,TN-VIR,Virudhunagar,10
2021-08-27,TN-VIR,Virudhunagar,7
2021-08-28,TN-VIR,Virudhunagar,4
2021-08-29,TN-VIR,Virudhunagar,5
2021-08-30,TN-VIR,Virudhunagar,4
2021-08-31,TN-VIR,Virudhunagar,5
2021-09-01,TN-VIR,Virudhunagar,5
2021-09-02,TN-VIR,Virudhunagar,6
2021-09-03,TN-VIR,Virudhunagar,3
2021-09-04,TN-VIR,Virudhunagar,12
2021-09-05,TN-VIR,Virudhunagar,10
2021-09-06,TN-VIR,Virudhunagar,7
2021-09-07,TN-VIR,Virudhunagar,8
2021-09-08,TN-VIR,Virudhunagar,6
2021-09-09,TN-VIR,Virudhunagar,9
2021-09-10,TN-VIR,Virudhunagar,8
2021-09-11,TN-VIR,Virudhunagar,7
2021-09-12,TN-VIR,Virudhunagar,6
2021-09-13,TN-VIR,Virudhunagar,9
2021-09-14,TN-VIR,Virudhunagar,7
2021-09-15,TN-VIR,Virudhunagar,13
2021-09-16,TN-VIR,Virudhunagar,8
2021-09-17,TN-VIR,Virudhunagar,10
2021-09-18,TN-VIR,Virudhunagar,7
2021-09-19,TN-VIR,Virudhunagar,9
2021-09-20,TN-VIR,Virudhunagar,16
2021-09-21,TN-VIR,Virudhunagar,10
2021-09-22,TN-VIR,Virudhunagar,9
2021-09-23,TN-VIR,Virudhunagar,13
2021-09-24,TN-VIR,Virudhunagar,19
2021-09-25,TN-VIR,Virudhunagar,14
2021-09-26,TN-VIR,Virudhunagar,13
2021-09-27,TN-VIR,Virudhunagar,14
2021-09-28,TN-VIR,Virudhunagar,13
2021-09-29,TN-VIR,Virudhunagar,11
2021-09-30,TN-VIR,Virudhunagar,10
2021-10-01,TN-VIR,Virudhunagar,9
2021-10-02,TN-VIR,Virudhunagar,19
2021-10-03,TN-VIR,Virudhunagar,16
2021-10-04,TN-VIR,Virudhunagar,14
2021-10-05,TN-VIR,Virudhunagar,16
2021-10-06,TN-VIR,Virudhunagar,14
2021-10-07,TN-VIR,Virudhunagar,10
2021-10-08,TN-VIR,Virudhunagar,9
2021-10-09,TN-VIR,Virudhunagar,8
2021-10-10,TN-VIR,Virudhunagar,9
2021-10-11,TN-VIR,Virudhunagar,8
2021-10-12,TN-VIR,Virudhunagar,7
2021-10-13,TN-VIR,Virudhunagar,8
2021-10-14,TN-VIR,Virudhunagar,7
2021-10-15,TN-VIR,Virudhunagar,4
2021-10-16,TN-VIR,Virudhunagar,2
2021-10-17,TN-VIR,Virudhunagar,9
2021-10-18,TN-VIR,Virudhunagar,10
2021-10-19,TN-VIR,Virudhunagar,3
2021-10-20,TN-VIR,Virudhunagar,7
2021-10-21,TN-VIR,Virudhunagar,4
2021-10-22,TN-VIR,Virudhunagar,7
2021-10-23,TN-VIR,Virudhunagar,7
2021-10-24,TN-VIR,Virudhunagar,5
2021-10-25,TN-VIR,Virudhunagar,9
2021-10-26,TN-VIR,Virudhunagar,2
2021-10-27,TN-VIR,Virudhunagar,5
2021-10-28,TN-VIR,Virudhunagar,4
2021-10-29,TN-VIR,Virudhunagar,7
2021-10-30,TN-VIR,Virudhunagar,6
2021-10-31,TN-VIR,Virudhunagar,5
